index_date,close,volume,high,low,open
2019-01-02,0.0,18692900.0,0.0,0.0,0.0
2019-01-03,0.18000030517578125,22739200.0,0.030000686645507812,0.49000072479248225,0.6100006103515643
2019-01-04,0.2199993133544922,27484600.0,0.3600006103515625,0.1400003433227539,0.28999900817871094
2019-01-07,-0.06999969482421875,17084500.0,-0.060001373291015625,0.3099994659423828,0.2700004577636719
2019-01-08,-0.3299999237060547,22108700.0,0.07000160217285156,-0.25,-0.029998779296875
2019-01-09,0.22999954223632812,16479100.0,-0.15999984741210938,0.020000457763671875,-0.3400001525878906
2019-01-10,0.470001220703125,23347300.0,0.45999908447265625,0.1700000762939453,0.1999988555908203
2019-01-11,0.4400005340576172,73632000.0,0.29000091552734375,0.5999984741210938,0.6200008392333984
2019-01-14,0.25,31707300.0,0.3699989318847656,0.220001220703125,0.2199993133544922
2019-01-15,0.15999984741210938,35536600.0,0.13000106811523438,0.1999988555908203,0.3299999237060547
2019-01-16,0.09999847412109375,19990600.0,0.049999237060546875,0.26000022888183594,0.13000106811523438
2019-01-17,0.05000114440917969,22422400.0,0.06999969482421875,-0.07999992370605469,-0.020000457763671875
2019-01-18,0.14999961853027344,21264700.0,0.09000015258789062,0.1400012969970703,0.2199993133544922
2019-01-21,0.0,9103600.0,0.0,0.019998550415039062,0.030000686645507812
2019-01-22,-0.45999908447265625,22633800.0,0.07999992370605113,-0.22999954223632812,-0.04000091552734375
2019-01-23,-0.3600006103515625,26855900.0,-0.4599990844726527,-0.3299999237060547,-0.28999900817871094
2019-01-24,-0.020000457763671875,24197500.0,-0.32000160217285156,-0.12999916076660156,-0.39999961853027344
2019-01-28,0.7900009155273438,32754800.0,0.7000007629394531,0.1399993896484375,-0.10000038146972656
2019-01-29,-0.07999992370605469,30181400.0,0.20000076293945312,0.5900001525878906,0.9200000762939453
2019-01-30,0.09999847412109375,19243300.0,0.0,-0.05000114440917969,-0.05000114440917969
2019-01-31,-0.45999908447265625,22631500.0,-0.10000038146972656,-0.11999893188476562,0.030000686645507812
2019-02-01,0.600000381469723,19948900.0,0.010000228881832385,0.020000457763671875,-0.45999908447265625
2019-02-04,0.3400001525878942,23329600.0,0.3699989318847692,0.3699989318847656,0.529998779296875
2019-02-05,0.18999862670898793,23156300.0,0.43000030517578125,0.4300003051757777,0.3099994659423828
2019-02-06,-0.5499992370605504,22891100.0,-0.25,-0.2399997711181605,0.060001373291015625
2019-02-07,0.6599998474121094,41426700.0,0.21000099182128906,0.10000038146972656,-0.25
2019-02-08,-0.5300006866455114,38093500.0,0.10999870300292969,-0.060001373291015625,0.4599990844726598
2019-02-11,0.4899997711181676,29145400.0,-0.23999977111816406,-0.019998550415042615,-0.399999618530277
2019-02-12,-0.03999900817871094,23990500.0,0.3099994659423828,0.4899997711181676,0.5300006866455078
2019-02-13,-0.28000068664550426,32536700.0,-0.18999862670898793,-0.3000011444091797,0.07999992370605113
2019-02-14,0.20000076293944957,20335700.0,-0.19000053405761363,-0.18999862670898793,-0.5
2019-02-15,-0.10000038146972656,14836400.0,0.06999969482421875,0.28999900817871804,0.2199993133544922
2019-02-18,-0.2999992370605469,14494400.0,-0.22999954223632457,-0.30999946594238637,-0.07999992370605113
2019-02-19,0.12999916076660156,16276800.0,0.05999946594237926,0.06999969482421875,-0.3099994659423828
2019-02-20,-0.17000007629394176,22077800.0,-0.029998779296875,-0.020000457763668322,0.11999893188476562
2019-02-21,0.17000007629394176,15038500.0,-0.13000106811523438,0.010000228881835938,-0.06999969482421875
2019-02-22,0.0,22170000.0,-0.09000015258789062,-0.13999938964844105,0.0
2019-02-25,0.0699996948242223,9837900.0,0.13000106811523438,0.23999977111816406,0.05999946594238281
2019-02-26,0.10000038146972301,12685600.0,0.129999160766598,0.049999237060546875,0.12000083923339844
2019-02-27,-0.12999916076660512,16915100.0,-0.05999946594237926,-0.029998779296875,0.010000228881835938
2019-02-28,-1.1300010681152308,49931300.0,-0.3700008392333949,-1.1000003814697266,-0.2900009155273402
2019-03-01,-0.4699993133544922,37227300.0,-0.9200000762939489,-0.5599994659423828,-1.0000000000000036
2019-03-06,-0.3899993896484375,18259400.0,-0.45999908447265625,-0.25,-0.4200000762939453
2019-03-07,0.31999969482421875,20143000.0,0.07999992370605469,-0.05000114440917969,-0.34999847412109375
2019-03-08,-0.10000038146972656,20486300.0,-0.14999961853027344,0.09000015258789062,0.2199993133544922
2019-03-11,0.5200004577636719,24113400.0,0.5599994659423828,0.220001220703125,0.10000038146972656
2019-03-12,-0.1100006103515625,19858900.0,0.06999969482421875,0.2599983215332031,0.5100002288818359
2019-03-13,-0.10000038146972656,20265200.0,-0.28999900817871094,-0.1399993896484375,-0.220001220703125
2019-03-14,-0.23999977111816406,20534200.0,-0.12000083923339844,-0.1700000762939453,-0.05999946594238281
2019-03-15,0.10000038146972656,31836900.0,-0.12999916076660156,-0.07999992370605469,-0.26000022888183594
2019-03-18,0.5499992370605469,31559300.0,0.7299995422363281,0.29000091552734375,0.1399993896484375
2019-03-19,-0.11999893188476562,16625600.0,-0.10000038146972656,0.3899993896484375,0.470001220703125
2019-03-20,-0.1900005340576172,18926100.0,-0.12000083923339844,-0.1700000762939453,-0.1100006103515625
2019-03-21,-0.020000457763671875,35961000.0,-0.029998779296875,-0.31999969482421875,-0.2700004577636719
2019-03-22,-0.26000022888183594,33908300.0,-0.37000083923339844,-0.15999984741210938,-0.18999862670898438
2019-03-25,-0.1999988555908203,17569800.0,-0.11999893188476562,-0.09000015258789062,-0.05000114440917969
2019-03-26,0.4699993133544922,30804300.0,0.37999916076660156,-0.13000106811523438,-0.010000228881835938
2019-03-27,-0.4499988555908203,32628900.0,-0.20000076293945312,0.15000152587890625,0.15999984741210938
2019-03-28,0.20999908447265625,21093200.0,-0.019998550415039062,0.029998779296875,-0.2599983215332031
2019-03-29,0.07999992370605469,15839700.0,0.029998779296875,0.220001220703125,0.3299999237060547
2019-04-01,-0.010000228881835938,12340900.0,0.030000686645507812,0.03999900817871094,0.0
2019-04-02,-0.049999237060546875,15431100.0,0.12999916076660156,-0.020000457763671875,0.12999916076660156
2019-04-03,0.06999969482421875,14753700.0,-0.009998321533203125,0.07000160217285156,-0.12999916076660156
2019-04-04,0.4799995422363281,15281900.0,0.279998779296875,0.09999847412109375,0.07999992370605469
2019-04-05,0.12000083923339844,16184700.0,0.25,0.46000099182128906,0.4200000762939453
2019-04-08,-0.09000015258789062,10742400.0,-0.1700000762939453,-0.1900005340576172,0.06999969482421875
2019-04-09,0.3400001525878906,25773700.0,0.21000099182128906,0.049999237060546875,-0.23000144958496094
2019-04-10,-0.1400012969970703,20199100.0,0.06999969482421875,0.1700000762939453,0.4900016784667969
2019-04-11,-0.2999992370605469,15229900.0,-0.12000083923339844,-0.1700000762939453,-0.1900005340576172
2019-04-12,-0.1900005340576172,29774300.0,-0.1399993896484375,-0.20999908447265625,-0.4500007629394531
2019-04-15,0.3600006103515625,18868300.0,-0.07999992370605469,0.09000015258789062,0.1400012969970703
2019-04-16,0.1100006103515625,13454300.0,0.25,0.25,0.17999839782714844
2019-04-17,-0.48000144958496094,31512000.0,0.020000457763671875,-0.3800010681152344,0.3100013732910156
2019-04-18,0.030000686645507812,21532200.0,-0.48999977111816406,-0.09999847412109375,-0.48999977111816406
2019-04-22,0.4200000762939453,19577100.0,0.3599987030029297,0.07999992370605469,-0.12000083923339844
2019-04-23,0.1700000762939453,13912000.0,0.37000083923339844,0.6099987030029297,0.4799995422363281
2019-04-24,0.049999237060546875,21919500.0,-0.14999961853027344,-0.2199993133544922,0.1400012969970703
2019-04-25,0.5900001525878906,29435300.0,0.5499992370605433,0.2700004577636719,-0.07000160217285156
2019-04-26,-0.019998550415039062,14151100.0,0.0400009155273473,0.4499988555908203,0.5700016021728516
2019-04-29,0.05999946594238281,15043300.0,0.11999893188476562,0.17000007629394176,0.09999847412109375
2019-04-30,0.11999893188476207,25093600.0,0.05000114440917969,-0.010000228881832385,0.07999992370605469
2019-05-02,-0.5199985504150355,23174500.0,-0.010000228881835938,-0.2599983215332031,-0.11999893188476207
2019-05-03,-0.030000686645507812,21902300.0,-0.43000030517578125,-0.220001220703125,-0.22999954223633168
2019-05-06,0.1399993896484375,16137000.0,0.09000015258789062,-0.15999984741210938,-0.3299999237060547
2019-05-07,-0.4099998474121094,43377300.0,0.03999900817871094,-0.3299999237060547,0.5
2019-05-08,0.2700004577636719,35491400.0,-0.23999977111816406,0.39999961853027344,-0.40000152587890625
2019-05-09,-0.43000030517578125,20651100.0,-0.15999984741210938,-0.20999908447265625,-0.049999237060546875
2019-05-10,-0.1900005340576172,15438500.0,-0.2999992370605469,-0.26000022888183594,-0.25
2019-05-13,-0.28999900817871094,24573100.0,-0.3400001525878906,-0.25,-0.5
2019-05-14,-0.06999969482421875,18510000.0,-0.04000091552734375,-0.15999984741210938,0.05999946594238281
2019-05-15,-0.3299999237060547,26326100.0,-0.3299999237060547,-0.20000076293945312,-0.3400001525878906
2019-05-16,0.029998779296875,27881900.0,-0.049999237060546875,-0.20999908447265625,-0.2199993133544922
2019-05-17,-0.14999961853027344,25763700.0,0.1999988555908203,0.10000038146972656,0.04000091552734375
2019-05-20,0.0,43284300.0,-0.26000022888183594,-0.05000114440917969,0.049999237060546875
2019-05-21,0.6000003814697266,31103500.0,0.5200004577636719,0.21000099182128906,0.1100006103515625
2019-05-22,0.11999893188476562,16255100.0,0.1100006103515625,0.3599987030029297,0.4699993133544922
2019-05-23,0.0,12687200.0,0.049999237060546875,0.10000038146972656,0.010000228881835938
2019-05-24,-0.14999961853027344,15540300.0,-0.049999237060546875,-0.20999908447265625,0.07999992370605469
2019-05-27,0.15999984741210938,6924700.0,0.0,0.18999862670898438,-0.15999984741210938
2019-05-28,0.09000015258789062,40302300.0,0.20999908447265625,0.13000106811523438,0.1900005340576172
2019-05-29,-0.049999237060546875,17718300.0,-0.06999969482421875,-0.010000228881835938,0.029998779296875
2019-05-30,0.1700000762939453,14045800.0,0.05000114440917969,0.049999237060546875,-0.10000038146972656
2019-05-31,0.11999893188476562,23080800.0,0.06999969482421875,0.060001373291015625,0.1700000762939453
2019-06-03,-0.12999916076660156,18578500.0,0.029998779296875,0.029998779296875,0.21000099182128906
2019-06-04,-0.06999969482421875,16407200.0,-0.08999824523925781,-0.09000015258789062,-0.1100006103515625
2019-06-05,0.05999946594238281,13357100.0,0.009998321533203125,0.1400012969970703,-0.10000038146972656
2019-06-06,0.22999954223632812,10219400.0,0.20000076293945312,0.12999916076660156,0.21000099182128906
2019-06-07,-0.029998779296875,11447300.0,0.030000686645507812,0.09000015258789062,0.10000038146972656
2019-06-10,0.03999900817871094,14089900.0,0.11999893188476562,0.020000457763671875,-0.09000015258789062
2019-06-11,0.06999969482421875,24719200.0,0.05000114440917969,-0.010000228881835938,0.06999969482421875
2019-06-12,-0.03999900817871094,21035200.0,-0.15999984741210938,-0.15999984741210938,0.03999900817871094
2019-06-13,0.1700000762939453,17586300.0,0.1699981689453125,0.26000022888183594,-0.019998550415039062
2019-06-14,-0.21000099182128906,15962500.0,0.0800018310546875,-0.09000015258789062,0.15999984741210938
2019-06-17,0.15999984741210938,18256700.0,-0.13000106811523438,-0.10000038146972656,-0.25
2019-06-18,0.25,13201000.0,0.15999984741210938,0.31999969482421875,0.23999977111816406
2019-06-19,0.15000152587890625,23446200.0,0.2900009155273402,0.15999984741210938,0.1999988555908203
2019-06-21,0.25,28297900.0,0.2199993133544922,0.3000011444091797,0.23000144958496094
2019-06-24,-0.15000152587890625,14143300.0,-0.07999992370605113,0.019998550415039062,0.15999984741210938
2019-06-25,-0.12999916076660156,19199900.0,-0.07999992370605469,-0.21999931335449574,-0.11000061035156605
2019-06-26,-0.06999969482421875,15422800.0,-0.14999961853027344,-0.10000038146972301,-0.13999938964843395
2019-06-27,-0.05000114440917969,12537000.0,-0.220001220703125,-0.1700000762939453,-0.220001220703125
2019-06-28,-0.15999984741210938,17249500.0,0.15000152587890625,-0.029998779296875,0.1900005340576172
2019-07-01,-0.07999992370605469,16148600.0,-0.09000015258789418,-0.09000015258789062,-0.05999946594238281
2019-07-02,0.31999969482421875,15780800.0,0.13999938964844105,0.07999992370605469,-0.3000011444091797
2019-07-03,0.7100009918212891,40587600.0,0.7399997711181641,0.23999977111816406,0.220001220703125
2019-07-04,0.15999984741210938,15014400.0,0.18000030517578125,0.8799991607666051,0.9300003051757812
2019-07-05,0.0,22139900.0,-0.10000038146972656,-0.2099990844726598,0.01999855041503551
2019-07-08,-0.05999946594238281,18757800.0,0.1100006103515625,0.07999992370605824,0.07000160217285512
2019-07-10,0.07999992370605469,33415700.0,0.05999946594238281,0.05999946594237926,-0.09000015258789062
2019-07-11,-0.3299999237060547,18302600.0,-0.05999946594238281,-0.2199993133544922,0.11999893188476562
2019-07-12,-0.48999977111816406,31136800.0,-0.4799995422363281,-0.5,-0.3699989318847656
2019-07-15,0.049999237060546875,16291700.0,-0.29000091552734375,0.0,-0.30000114440917613
2019-07-16,-0.14999961853027344,9964700.0,-0.03999900817871094,-0.06999969482421875,-0.149999618530277
2019-07-17,-0.1100006103515625,10416500.0,-0.1700000762939453,-0.10000038146972656,-0.11000061035155895
2019-07-18,0.26000022888183594,11537900.0,0.09999847412109375,-0.010000228881835938,-0.10999870300293324
2019-07-19,-0.15999984741210938,15923300.0,0.220001220703125,0.12999916076660156,0.1999988555908203
2019-07-22,-0.10000038146972656,12533800.0,-0.2700004577636719,-0.1999988555908203,-0.15999984741210938
2019-07-23,0.04000091552734375,15130100.0,0.020000457763671875,0.10999870300292969,-0.06999969482421875
2019-07-24,-0.07000160217285156,11971400.0,-0.05000114440918324,-0.019998550415039062,0.1900005340576172
2019-07-25,1.5300006866455078,75250600.0,1.5,0.8199996948242223,0.8099994659423828
2019-07-26,0.3099994659423828,35478100.0,0.25,0.6900005340576136,0.48999977111816406
2019-07-29,0.7000007629394531,36618000.0,0.7100009918212926,0.22999954223632812,0.3099994659423828
2019-07-30,-0.15999984741210938,24255200.0,0.09000015258789062,0.5699996948242188,0.5200004577636719
2019-07-31,-0.21000099182128906,27074600.0,-0.3600006103515625,-0.4099998474121094,-0.010000228881835938
2019-08-01,0.29000091552734375,26961600.0,0.29000091552734375,0.31999969482421875,-0.14999961853027344
2019-08-02,0.06999969482421875,15526900.0,-0.07999992370605469,0.17000007629394176,0.25
2019-08-05,-0.3299999237060547,20704700.0,-0.21000099182128906,-0.25,-0.2600002288818324
2019-08-06,0.31999969482421875,21755600.0,0.17000007629394176,0.0,0.020000457763668322
2019-08-07,0.14999961853027344,18799000.0,0.1399993896484375,0.04999923706055043,0.020000457763671875
2019-08-08,-0.45999908447265625,47777900.0,-0.2999992370605433,-0.18999862670898438,-0.1400012969970703
2019-08-09,-0.10000038146972656,18921100.0,-0.2199993133544922,-0.010000228881835938,0.12000083923339844
2019-08-12,-0.5900001525878906,26937600.0,-0.43000030517578125,-0.6599998474121094,-0.39999961853027344
2019-08-13,-0.10000038146972656,21165200.0,-0.1700000762939453,0.010000228881835938,-0.4500007629394531
2019-08-14,-0.3699989318847621,27713200.0,-0.22999954223632812,-0.4400005340576172,-0.020000457763671875
2019-08-15,-0.22999954223633168,21761100.0,-0.22000122070312145,-0.2600002288818395,-0.23999977111816406
2019-08-16,0.11999893188476918,17271500.0,-0.19999885559082387,0.07999992370605824,-0.1399993896484375
2019-08-19,0.21000099182128196,16230300.0,0.28999900817871094,0.25,0.07999992370605469
2019-08-20,-0.17000007629394176,15670100.0,-0.1700000762939453,-0.06999969482421875,0.049999237060546875
2019-08-21,-0.1400012969970703,17575900.0,0.12000083923339844,-0.09000015258789062,0.10000038146973012
2019-08-22,-0.32999992370605824,26247200.0,-0.2700004577636719,-0.4699993133544922,-0.22999954223633168
2019-08-23,-0.1399993896484375,28288000.0,-0.21000099182128906,-0.25,-0.6299991607666016
2019-08-26,-0.2399997711181605,16632700.0,-0.17999839782714844,-0.07000160217285156,0.1699981689453125
2019-08-27,0.07999992370605469,31854400.0,-0.15999984741210938,-0.049999237060546875,-0.2999992370605469
2019-08-28,-0.020000457763668322,15473700.0,-0.1700000762939453,0.05999946594238281,-0.14999961853027344
2019-08-29,0.3999996185302699,16894600.0,0.379999160766598,0.05000114440917969,0.05999946594238281
2019-08-30,0.17000007629394176,22981700.0,0.3099994659423899,0.5499992370605469,0.5500011444091797
2019-09-02,-0.3400001525878871,8064200.0,0.03000068664550426,-0.1900005340576172,0.0999984741210902
2019-09-03,0.1400012969970703,20597800.0,-0.06999969482421875,-0.11999893188476207,-0.379999160766598
2019-09-04,0.279998779296875,15174900.0,0.010000228881832385,0.30999946594237926,0.39999961853027344
2019-09-05,-0.10999870300292969,15042800.0,0.13999938964844105,0.12000083923339844,0.15999984741211293
2019-09-06,0.029998779296871447,13073200.0,-0.12000083923339844,-0.11000061035156605,-0.06999969482422586
2019-09-09,0.1500015258789098,11456600.0,0.030000686645507812,0.07999992370605824,-0.039999008178707385
2019-09-10,-0.05000114440917969,23425400.0,0.21000099182128906,0.06999969482421875,0.07999992370605469
2019-09-11,0.09000015258789062,28800600.0,0.15999984741210938,-0.01000022888183949,0.029998779296878553
2019-09-12,0.46000099182128906,22002000.0,0.20999908447265625,0.29000091552735086,0.20000076293944957
2019-09-13,-0.2700004577636719,16045800.0,-0.010000228881835938,-0.05000114440918324,0.25
2019-09-16,0.04999923706055043,14858800.0,-0.25,-0.029998779296875,-0.29000091552734375
2019-09-17,0.28000068664550426,16934100.0,0.2700004577636719,0.10000038146972656,-0.029998779296875
2019-09-18,-0.17000007629394176,18071900.0,-0.049999237060546875,0.11999893188476918,0.32999992370605113
2019-09-19,0.09000015258788707,31691000.0,0.14999961853027344,0.050001144409176135,0.11999893188476918
2019-09-20,0.03999900817871449,32308600.0,-0.13000106811523793,-0.10000038146972656,-0.049999237060546875
2019-09-23,0.020000457763668322,13285800.0,0.07000160217285512,0.12999916076660156,-0.1900005340576172
2019-09-24,-0.05999946594238281,16081600.0,-0.03000068664550426,-0.10000038146972656,0.22999954223632457
2019-09-25,0.25,15272500.0,0.11999893188476207,0.12000083923339844,-0.21999931335448863
2019-09-26,-0.06999969482421875,33348400.0,0.13000106811523793,0.12999916076660156,0.31999969482421875
2019-09-27,-0.07999992370605469,12432300.0,-0.09000015258789418,-0.06999969482421875,-0.010000228881835938
2019-09-30,-0.20000076293945312,21606700.0,-0.1100006103515625,-0.1399993896484375,-0.029998779296875
2019-10-01,0.05999946594238281,24459600.0,-0.10000038146972656,-0.059999465942386365,-0.23000144958496094
2019-10-02,-0.44999885559082387,17900100.0,-0.1699981689453125,-0.36000061035155895,-0.09000015258789062
2019-10-03,-0.2800006866455078,19307100.0,-0.4400005340576172,-0.28000068664551137,-0.4099998474121094
2019-10-04,0.6299991607666051,35765000.0,0.5200004577636719,0.030000686645511365,-0.20999908447265625
2019-10-07,-0.3399982452392578,17635100.0,-0.09000015258789062,0.2800006866455078,0.6199989318847656
2019-10-08,-0.2700004577636719,19185600.0,-0.42000007629394887,-0.29000091552734375,-0.3699989318847656
2019-10-09,0.06999969482421875,13310500.0,-0.020000457763668322,0.05000114440917969,-0.1399993896484375
2019-10-10,-0.25,23781900.0,-0.10000038146972656,-0.25,-0.07999992370605469
2019-10-11,0.15999984741210582,18950100.0,0.1100006103515625,0.1699981689453125,-0.07999992370605469
2019-10-14,0.1399993896484375,7716500.0,-0.07999992370605469,0.07000160217285156,0.14999961853027344
2019-10-15,0.17000007629395242,12359100.0,0.2700004577636719,0.14999961853027344,0.029998779296871447
2019-10-16,0.0,22029700.0,0.009998321533203125,0.010000228881835938,0.32999992370605824
2019-10-17,-0.11999893188476918,12012200.0,-0.07999992370605824,0.03999900817871094,-0.10999870300292969
2019-10-18,-0.10000038146972656,10737900.0,-0.09000015258788707,-0.18999862670898438,-0.11000061035156605
2019-10-21,0.31999969482421875,21747300.0,0.12000083923339844,0.05999946594238281,-0.22999954223632457
2019-10-22,-0.2199993133544922,23053700.0,0.1700000762939453,0.10999870300292969,0.2700004577636719
2019-10-23,-0.09000015258789062,23271200.0,-0.31999969482421875,-0.12999916076660512,-0.12000083923339844
2019-10-24,0.5100002288818359,42853200.0,0.48999977111816406,0.030000686645507812,-0.030000686645511365
2019-10-25,-1.5900001525878906,82318800.0,-1.1000003814697266,-1.0300006866455043,-0.8199996948242152
2019-10-28,-0.05999946594238281,29041200.0,-0.31999969482421875,-0.2700004577636719,-0.10999870300292969
2019-10-29,0.03999900817871094,28627500.0,-0.1700000762939453,0.060001373291015625,-0.26000022888183594
2019-10-30,-0.020000457763671875,15607300.0,-0.10000038146972656,-0.04000091552734375,0.07999992370605469
2019-10-31,-0.18000030517578125,20426500.0,0.0,0.020000457763671875,-0.1400012969970703
2019-11-01,-0.049999237060546875,14655000.0,-0.1399993896484375,-0.09000015258789062,-0.019998550415039062
2019-11-04,0.23999977111816406,12268600.0,0.15999984741210938,0.03999900817871094,-0.10000038146972656
2019-11-05,0.1399993896484375,16763700.0,0.10000038146972656,0.1700000762939453,0.23999977111816406
2019-11-06,-0.18999862670898438,10565900.0,0.020000457763671875,-0.11999893188476562,0.010000228881835938
2019-11-07,0.03999900817871094,13188400.0,-0.12000083923339844,0.09000015258789062,-0.010000228881835938
2019-11-08,-0.26000022888183594,15252400.0,-0.1100006103515625,-0.26000022888183594,-0.1399993896484375
2019-11-11,0.24000167846679688,11838200.0,0.07999992370605469,0.03999900817871094,-0.1700000762939453
2019-11-12,-0.1700000762939453,14096800.0,-0.10999870300292969,0.030000686645507812,0.11999893188476562
2019-11-13,0.0,11332700.0,-0.07999992370605469,0.0,-0.029998779296875
2019-11-14,0.07999992370605469,18222200.0,0.15999984741210938,0.05999946594238281,0.0
2019-11-18,0.10999870300292969,9445200.0,0.06999969482421875,0.1100006103515625,0.2199993133544922
2019-11-19,0.1100006103515625,9754500.0,0.049999237060546875,-0.010000228881835938,0.020000457763671875
2019-11-21,0.39999961853027344,19540600.0,0.3400001525878906,0.26000022888183594,0.2199993133544922
2019-11-22,0.12000083923339844,17014400.0,0.220001220703125,0.2700004577636719,0.1900005340576172
2019-11-25,0.010000228881835938,7860100.0,0.009998321533203125,0.07999992370605469,0.1700000762939453
2019-11-26,-0.1700000762939453,32541200.0,-0.11999893188476562,-0.3000011444091797,-0.07999992370605824
2019-11-27,-0.07000160217285156,8765700.0,-0.03000068664550426,0.04000091552734375,-0.15999984741210582
2019-11-28,0.05000114440917969,5109500.0,-0.020000457763675428,0.11999893188476562,0.009998321533203125
2019-11-29,0.03999900817871094,8325200.0,0.020000457763675428,-0.029998779296875,0.1400012969970703
2019-12-02,-0.07999992370605469,10259800.0,0.010000228881832385,0.03999900817871094,-0.05000114440917969
2019-12-03,-0.09999847412109375,97511800.0,-0.05999946594238281,-0.1399993896484375,0.05000114440917969
2019-12-04,0.42999839782714844,21779200.0,0.43000030517578125,0.20000076293945312,-0.10000038146972656
2019-12-05,-0.14999961853026988,34121900.0,-0.18000030517578125,0.14999961853027344,0.2800006866455078
2019-12-06,0.30000114440917613,19544400.0,0.18000030517578125,0.04999923706055043,-0.07000160217285156
2019-12-09,-0.010000228881835938,13479000.0,-0.030000686645507812,0.09000015258788707,0.24000167846679688
2019-12-10,-0.06999969482421875,14715500.0,0.06999969482421875,0.05000114440917969,-0.06000137329101207
2019-12-11,0.07999992370605469,29652200.0,-0.06999969482421875,-0.03000068664550426,0.0699996948242152
2019-12-12,0.25,17463900.0,0.2800006866455078,0.17000007629394176,0.010000228881832385
2019-12-13,0.30999946594238637,15663000.0,0.25,0.3600006103515625,0.32999992370605824
2019-12-16,0.06999969482421164,17117700.0,0.23999977111816406,0.21999931335449574,0.220001220703125
2019-12-17,-0.17000007629394176,14087800.0,0.029998779296875,-0.12000083923339844,0.12999916076660512
2019-12-18,0.18000030517578125,31759400.0,-0.10999870300292969,-0.04999923706055043,-0.19000053405762074
2019-12-19,0.07999992370605469,27270600.0,-0.020000457763671875,0.11999893188476562,0.13000106811523438
2019-12-20,-0.26000022888183594,25816100.0,-0.15999984741210582,-0.4399986267089844,-0.4699993133544922
2019-12-23,0.049999237060546875,16331900.0,0.06999969482421164,0.26000022888183594,0.38999938964844105
2019-12-26,0.2600002288818324,20726100.0,0.17000007629394887,0.04999923706054332,-0.05000114440918324
2019-12-27,-0.05999946594237926,13210500.0,0.11000061035155895,0.2600002288818395,0.29000091552734375
2019-12-30,-0.48999977111816406,17430500.0,-0.010000228881832385,-0.4200000762939453,-0.049999237060546875
2020-01-02,0.5300006866455078,16011300.0,-0.10000038146972656,0.1100006103515625,-0.3400001525878942
2020-01-03,-0.2700004577636719,20059000.0,-0.09000015258789062,0.10999870300293324,0.09000015258789418
2020-01-06,0.09000015258789062,14644300.0,0.010000228881835938,-0.19999885559082387,-0.09000015258789418
2020-01-07,0.03999900817871094,18036600.0,0.05999946594238281,0.17000007629394176,0.18999862670898793
2020-01-08,-0.09000015258789418,14051700.0,-0.06999969482421875,0.0,0.04000091552734375
2020-01-09,-0.14999961853026988,21199500.0,-0.07999992370605824,-0.35000038146971946,-0.09000015258789062
2020-01-10,0.0699996948242223,11697800.0,-0.039999008178707385,0.2600002288818324,-0.18000030517578125
2020-01-13,0.3199996948242152,19314500.0,0.3099994659423828,0.1399993896484375,0.1100006103515625
2020-01-14,-0.10999870300292969,21324400.0,0.22999954223632457,0.06999969482421875,0.2700004577636719
2020-01-15,-0.3400001525878871,17408600.0,-0.5799999237060511,-0.21999931335448863,-0.20000076293945312
2020-01-16,-0.059999465942386365,10783600.0,-0.06999969482421875,-0.07999992370605824,-0.10000038146972301
2020-01-17,0.0,16556000.0,-0.0699996948242223,-0.1100006103515625,-0.1399993896484375
2020-01-20,0.09999847412109375,8035600.0,0.019998550415042615,0.010000228881832385,-0.059999465942386365
2020-01-21,-0.05999946594238281,11249000.0,0.04000091552734375,0.07999992370605824,-0.020000457763671875
2020-01-22,0.3099994659423828,13925400.0,0.15999984741210582,0.1100006103515625,0.1700000762939453
2020-01-23,-0.3999996185302699,20155900.0,-0.04999923706054332,-0.18000030517578125,0.04999923706055043
2020-01-24,0.3400001525878871,12738200.0,-0.020000457763668322,0.129999160766598,-0.07999992370605824
2020-01-27,-0.4400005340576172,12916900.0,-0.21999931335449574,-0.2600002288818324,-0.1399993896484375
2020-01-28,0.25,13373600.0,0.15999984741210938,0.04000091552734375,-0.05999946594238281
2020-01-29,-0.5,12931800.0,-0.04000091552734375,-0.28000068664551137,0.2399997711181605
2020-01-30,0.04000091552734375,15925300.0,-0.5699996948242188,-0.3400001525878871,-0.6599998474121058
2020-01-31,-0.48999977111816406,20960400.0,-0.14999961853027344,-0.09999847412109375,-0.20000076293945312
2020-02-03,-0.26000022888183594,18733100.0,-0.06999969482421875,-0.1900005340576172,-0.07999992370605469
2020-02-04,0.05999946594238281,16492600.0,-0.18000030517578125,-0.010000228881835938,-0.1399993896484375
2020-02-05,-0.39999961853027344,36940300.0,0.05999946594238281,-0.37000083923339844,0.11999893188476562
2020-02-06,-0.37999916076660156,19619000.0,-0.5200004577636719,-0.45999908447265625,-0.4200000762939453
2020-02-07,0.049999237060546875,77239000.0,-0.3099994659423828,-0.020000457763671875,-0.7399997711181641
2020-02-10,-0.1900005340576172,17027200.0,-0.06999969482421875,-0.14999961853027344,0.23999977111816406
2020-02-11,0.06999969482421875,21283300.0,-0.1700000762939453,0.04000091552734375,-0.12999916076660156
2020-02-12,-0.14999961853027344,36408300.0,-0.05999946594238281,-0.1400012969970703,-0.13000106811523438
2020-02-13,-0.37999916076660156,15697100.0,-0.20000076293945312,-0.20999908447265625,-0.17999839782714844
2020-02-14,0.1399993896484375,23398800.0,-0.12000083923339844,-0.1700000762939453,-0.2700004577636719
2020-02-17,0.1900005340576172,19609100.0,0.2700004577636719,0.35000038146972656,0.279998779296875
2020-02-18,-0.4200000762939453,18027400.0,-0.26000022888183594,-0.37000083923339844,-0.049999237060546875
2020-02-19,-0.05000114440917969,18162400.0,-0.3099994659423828,-0.07999992370605469,-0.35000038146972656
2020-02-20,0.04000091552734375,23155100.0,0.12000083923339844,0.07999992370605469,-0.03999900817871094
2020-02-21,0.07999992370605469,27991000.0,-0.12000083923339844,-0.21000003814697266,-0.010000228881835938
2020-02-26,-0.4300003051757795,42590700.0,-0.1900005340576172,-0.13000011444091797,-0.15000057220458984
2020-02-27,-1.3199996948242205,91108200.0,-1.0899991989135742,-1.4600000381469727,-1.050000190734865
2020-02-28,0.039999961853027344,45807500.0,-0.43000030517578125,-0.26999950408935547,-0.39999961853027166
2020-03-02,0.18000030517578125,31307000.0,0.4399995803833008,0.3899993896484357,0.09000015258789062
2020-03-03,0.01999950408935547,26696400.0,0.1400003433227539,0.2600002288818377,0.15999984741210938
2020-03-04,0.5700006484985352,35799500.0,0.43000030517578125,0.1100006103515625,0.3199996948242205
2020-03-05,-0.0800008773803711,45949800.0,-0.020000457763671875,0.1699991226196289,-0.029999732971193183
2020-03-06,0.0900001525878924,43528300.0,-0.029999732971191406,-0.23999977111816406,-0.18000030517578125
2020-03-09,-0.649999618530277,46283500.0,-0.5200004577636719,-0.22999954223632812,-0.21000003814697443
2020-03-10,-0.25,52663200.0,-0.01999950408935547,-0.7300004959106445,-0.04999923706054332
2020-03-11,-0.6700000762939435,39788900.0,-0.6300001144409162,-0.8400001525878924,-0.46000003814697443
2020-03-12,-2.1700000762939435,36313400.0,-1.649999618530277,-1.5099992752075178,-1.6600008010864258
2020-03-13,1.1199998855590803,51339000.0,0.40999984741211115,0.25,0.12000083923340021
2020-03-16,-1.6700000762939453,52067300.0,-1.3199996948242188,-1.2100000381469744,-1.2100000381469744
2020-03-17,0.6599998474121094,70142000.0,0.1399993896484375,0.6199998855590838,-0.3400001525878906
2020-03-18,-0.5,62802600.0,-0.6999998092651367,-0.5,-0.32000064849853516
2020-03-19,0.5100002288818359,53157300.0,0.9499998092651367,-0.1900005340576172,0.0900001525878924
2020-03-20,0.35000038146972656,49887100.0,0.3299999237060547,1.4000005722045898,1.0799999237060511
2020-03-23,-0.5399999618530273,50158000.0,-0.21000003814697266,-0.5799999237060565,0.38000011444091975
2020-03-24,-0.2200002670288086,33699600.0,0.3100004196166992,0.10999965667724787,-0.15999984741210938
2020-03-25,0.3599996566772443,33700300.0,-0.5200004577636701,-0.22999954223632812,-0.8199996948242188
2020-03-26,1.1500005722045916,45899600.0,1.2100000381469709,0.8299999237060547,0.5999994277954084
2020-03-27,-0.3100004196166992,38232500.0,-0.05999946594238281,0.08999919891357422,0.6100006103515643
2020-03-30,0.06000041961669922,29822100.0,-0.19999980926513672,0.3900003433227539,0.0900001525878924
2020-03-31,-0.6300001144409197,27574800.0,-0.6200008392334002,-0.5199995040893537,-0.20000076293945668
2020-04-01,-0.23000049591064275,25192600.0,-0.4799995422363281,-0.41000080108642756,-0.7999992370605433
2020-04-02,0.3000001907348633,18013700.0,0.3199996948242205,0.030000686645507812,0.07999992370605113
2020-04-03,-0.5999994277954102,22886300.0,-0.3000001907348633,-0.3100004196166992,0.2599992752075213
2020-04-06,0.4699993133544922,19126100.0,0.6300001144409197,0.5200004577636701,0.06000041961669922
2020-04-07,0.5500001907348633,37535900.0,0.40000057220458807,0.6199998855590838,0.6499996185302717
2020-04-08,-0.09999942779541016,22934300.0,-0.2899999618530291,-0.2799997329711914,-0.14999961853027166
2020-04-09,-0.21000003814697088,23748200.0,0.03999996185302912,0.07999992370605646,0.010000228881835938
2020-04-13,0.0,17076200.0,-0.48000049591064453,-0.20000076293945668,-0.40000057220458984
2020-04-14,-0.010000228881837714,21281900.0,0.35000038146972656,0.19000053405761896,0.18000030517578125
2020-04-15,-0.18000030517578125,35812700.0,-0.5299997329711914,-0.36999988555908203,-0.3699998855590838
2020-04-16,-0.46000003814697266,26018500.0,-0.039999961853027344,-0.32000064849853693,0.03999996185302912
2020-04-17,0.15000057220459162,16763000.0,-0.2200002670288086,0.0900001525878924,-0.26000022888183594
2020-04-20,0.009999275207517755,22065800.0,0.05000019073486506,-0.19999980926513672,-0.30000019073486506
2020-04-22,0.010000228881835938,22788300.0,-0.060000419616700995,0.2200002670288086,0.25
2020-04-23,-0.06999969482421875,23608700.0,0.05000019073486328,-0.07000064849853516,0.07999992370605646
2020-04-24,-0.4400005340576172,50923200.0,-0.28999996185302734,-0.7599992752075213,-0.2799997329711914
2020-04-27,0.5,26166300.0,0.28999996185302734,0.5799999237060565,-0.09999942779540838
2020-04-28,0.09000015258789062,27108700.0,0.34000015258788885,0.3199996948242205,0.5899991989135724
2020-04-29,-0.029999732971193183,27558700.0,-0.2700004577636701,0.0699996948242152,-0.11999988555908025
2020-04-30,-0.3299999237060529,35747500.0,-0.2299995422363299,-0.39999961853027166,-0.2899999618530291
2020-05-04,0.4200000762939453,30157800.0,0.15999984741211115,-0.14999961853027166,-0.3899993896484375
2020-05-05,0.17999935150146484,25595500.0,0.30999946594238104,0.7399997711181623,0.7599992752075178
2020-05-06,-0.10999965667724432,67031600.0,-0.08999919891357244,-0.2399997711181623,0.07000064849853693
2020-05-07,-0.2899999618530291,56937900.0,0.23999977111816406,-0.2600002288818377,-0.32000064849853693
2020-05-08,0.5,23218000.0,-0.1400003433227539,0.43000030517578125,0.17000007629394887
2020-05-11,-0.10000038146972656,20136100.0,0.19000053405761896,0.14999961853027166,0.22000026702880682
2020-05-12,-0.2199993133544922,33395400.0,-0.05000019073486506,-0.21000003814697088,-0.14000034332275568
2020-05-13,-0.46000003814697266,46230300.0,-0.4099998474121094,-0.5200004577636719,-0.059999465942381036
2020-05-14,0.4799995422363281,36918000.0,-0.07000064849853338,0.09000015258789062,-0.5399999618530273
2020-05-15,-0.09999942779541016,30012000.0,0.06000041961669744,0.24000072479248047,0.3899993896484375
2020-05-18,0.46000003814697443,30350600.0,0.5299997329711914,0.3399991989135742,0.3000001907348633
2020-05-19,-0.16000080108642756,17951200.0,-0.059999465942381036,0.07999992370605469,0.19999980926513672
2020-05-20,0.20000076293945312,14121900.0,-0.10000038146972834,-0.07999992370605469,-0.2199993133544922
2020-05-21,-0.26000022888183594,38005800.0,0.10000038146972834,-0.11999988555908203,0.1700000762939453
2020-05-22,-0.1400003433227539,11924400.0,-0.3600006103515643,-0.06999969482422053,-0.24000072479248225
2020-05-25,0.5300006866455078,12781100.0,0.40000057220458984,0.3400001525878924,0.11000061035156428
2020-05-26,0.25999927520751953,30153500.0,0.3099994659423828,0.28999996185302734,0.3400001525878924
2020-05-27,0.8500003814697266,36754400.0,0.7600002288818359,0.3400001525878906,0.32999992370605113
2020-05-28,-0.5600004196166974,41520600.0,0.06000041961669922,0.08999919891357422,0.75
2020-05-29,-0.3400001525878924,46234500.0,-0.6900005340576154,-0.5199995040893555,-0.6199998855590803
2020-06-01,0.12000083923340021,20420100.0,-0.029999732971193183,0.05000019073486328,-0.4900007247924787
2020-06-02,0.36999988555908025,25304000.0,0.5,0.38000011444091797,0.4400005340576154
2020-06-03,0.2799997329711914,29826800.0,0.3299999237060547,0.5899991989135742,0.48999977111816406
2020-06-04,0.13000011444091797,20130800.0,-0.15000057220458984,-0.04999923706054865,0.05000019073486328
2020-06-05,0.6700000762939453,50766300.0,0.8500003814697283,0.43999958038330256,0.5100002288818359
2020-06-08,0.5500001907348651,47678900.0,0.5,0.6099996566772461,0.5299997329711914
2020-06-09,-0.2800006866455078,23940800.0,-0.25,-0.11999988555908203,0.23999977111816584
2020-06-10,-0.35999965667724787,27039100.0,-0.05999946594238459,-0.2999992370605469,-0.07999992370605646
2020-06-12,-0.39000034332275213,29856400.0,-0.8000001907348633,-0.6000003814697266,-0.9799995422363281
2020-06-15,-0.13999938964844105,22964800.0,-0.2899999618530291,-0.14000034332275213,-0.3300008773803711
2020-06-16,-0.17000007629394354,36070000.0,0.3099994659423846,0.050000190734861505,0.5200004577636719
2020-06-17,0.5100002288818359,28294300.0,0.26000022888183594,0.28999996185302734,-0.2700004577636719
2020-06-18,-0.0900001525878924,26894400.0,-0.029999732971191406,0.1100006103515625,0.2800006866455078
2020-06-19,0.15999984741211115,33153700.0,0.029999732971191406,0.17999935150146484,0.17999935150146307
2020-06-22,0.26999950408935547,24735500.0,0.18000030517577947,-0.019999504089357245,-0.19999980926513494
2020-06-23,-0.17999935150146662,16293000.0,0.13999938964844105,0.11999988555908381,0.5600004196166992
2020-06-24,-0.25,16263500.0,-0.42000007629394887,-0.3699998855590838,-0.4200000762939453
2020-06-25,0.5,25008900.0,0.3700008392334002,0.32999992370605646,-0.039999961853027344
2020-06-26,-0.23000049591064275,19150700.0,0.01999950408935547,0.06999969482422053,0.3099994659423828
2020-06-29,0.3100004196166992,22168000.0,0.14000034332275213,0.050000190734861505,-0.01999950408935547
2020-06-30,-0.11999988555908203,34581800.0,0.3699998855590838,0.22999954223632812,0.18000030517578125
2020-07-01,0.2199993133544922,20736100.0,-0.15000057220459162,0.13000011444091797,-0.010000228881835938
2020-07-02,-0.18999958038330256,27363800.0,0.07000064849853693,-0.23999977111816406,0.3299999237060547
2020-07-03,-0.02999973297118963,7029000.0,-0.5600004196166992,0.020000457763671875,-0.4899997711181623
2020-07-06,0.2199993133544922,24349100.0,0.25,0.08999919891357422,0.27999973297118963
2020-07-07,0.09000015258789062,22581000.0,0.09000015258789062,0.05000019073486328,-0.10000038146972656
2020-07-08,0.26000022888183594,39365200.0,0.36999988555908203,0.18000030517578125,0.2800006866455078
2020-07-09,-0.06999969482421875,31569000.0,-0.010000228881835938,0.18000030517578125,0.2199993133544922
2020-07-10,0.21000003814697443,20193200.0,0.13000011444091797,0.029999732971191406,-0.15999984741210938
2020-07-13,-0.8500003814697283,36972600.0,-0.039999961853027344,-0.5700006484985352,0.28999996185302734
2020-07-14,-0.09000015258789062,36408700.0,-0.9200000762939453,-0.31999969482421875,-0.8899993896484375
2020-07-15,0.38000011444091797,31872500.0,0.4200000762939453,0.3600006103515625,0.05999946594238459
2020-07-16,-0.23999977111816406,23008200.0,-0.09000015258789062,-0.16000080108642578,0.18000030517577947
2020-07-17,0.1099996566772461,49831400.0,-0.1700000762939453,-0.03999996185302557,-0.10000038146972656
2020-07-20,-0.039999961853027344,34419700.0,0.1100006103515625,0.21000003814697088,-0.05000019073486328
2020-07-21,0.5600004196166974,41081700.0,0.3899993896484375,-0.009999275207519531,0.07000064849853338
2020-07-22,0.029999732971193183,35800700.0,0.4400005340576172,0.5499992370605487,0.4699993133544922
2020-07-23,-0.310000419616701,21059900.0,-0.23999977111816406,-0.17999935150146662,0.060000419616700995
2020-07-24,0.5300006866455078,32629400.0,0.06999969482421875,-0.09000015258789062,-0.2200002670288086
2020-07-27,0.34999942779541193,42001500.0,0.43000030517578125,0.5799999237060547,0.4400005340576154
2020-07-28,-0.18999958038330078,44883300.0,0.01999950408935547,0.14999961853027344,0.2599992752075213
2020-07-29,0.059999465942381036,39734800.0,0.0,0.010000228881835938,-0.029999732971191406
2020-07-30,-0.5999994277954084,108380100.0,0.5100002288818342,-0.5100002288818359,0.6400003433227539
2020-07-31,-0.6500005722045916,67776600.0,-1.090000152587887,-0.7699995040893555,-0.9899997711181641
2020-08-03,-0.189999580383299,35573500.0,-0.8400001525878924,-0.1599998474121076,-0.8700008392333984
2020-08-04,-0.310000419616701,40601100.0,-0.2799997329711914,-0.4300003051757848,-0.2599992752075213
2020-08-05,-0.2199993133544922,47510100.0,-0.060000419616700995,-0.11999988555908025,-0.07999992370605113
2020-08-06,0.07999992370605646,35028900.0,-0.25999927520751775,-0.039999961853027344,-0.3700008392334002
2020-08-07,0.05000019073486328,44280200.0,0.1399993896484375,0.06999969482422053,-0.039999961853027344
2020-08-10,-0.07000064849853516,28095600.0,-0.01999950408935547,-0.029999732971193183,0.1900005340576172
2020-08-11,0.1700000762939453,40751000.0,0.13999938964843572,0.25,0.0
2020-08-12,0.06999969482421875,44719600.0,-0.0699996948242152,-0.1900005340576172,0.14999961853027344
2020-08-13,-0.26999950408935547,22611700.0,-0.019999504089357245,0.09000015258789062,0.020000457763671875
2020-08-14,0.05000019073486328,22032000.0,-0.15000057220458984,-0.05000019073486506,-0.3100004196166992
2020-08-17,-0.4099998474121076,33507900.0,-0.029999732971191406,-0.39999961853027166,-0.029999732971191406
2020-08-18,0.22999954223632812,30227500.0,-0.11999988555908203,0.14999961853027166,-0.18999958038330078
2020-08-19,-0.22999954223632812,15809100.0,-0.06000041961669922,-0.09999942779540838,0.05999946594238459
2020-08-20,0.02999973297118963,21512900.0,-0.15999984741210938,-0.22000026702880682,-0.4099998474121129
2020-08-21,0.09000015258789062,19407800.0,-0.06999969482421875,0.11999988555908025,0.18999958038330256
2020-08-24,-0.1100006103515625,18335400.0,0.1399993896484375,0.11999988555908381,0.20000076293945312
2020-08-25,-0.1099996566772461,14960200.0,-0.1700000762939453,-0.11999988555908381,-0.1700000762939453
2020-08-26,-0.05000019073486328,29757700.0,0.0,-0.21000003814697266,-0.15000057220458984
2020-08-27,-0.019999504089357245,20747000.0,-0.10999965667724432,0.11000061035156428,-0.039999961853027344
2020-08-28,0.06999969482422053,23050600.0,0.020000457763671875,-0.10000038146972834,0.06000041961669922
2020-08-31,-0.4399995803833008,38488000.0,-0.16000080108642756,-0.18999958038330078,-0.10000038146972656
2020-09-01,0.33999919891357244,31742100.0,-0.009999275207521308,0.12999916076660156,-0.15999984741210938
2020-09-02,0.11000061035156428,18202600.0,0.13999938964844105,0.1100006103515625,0.25
2020-09-03,-0.1599998474121076,37438600.0,0.2700004577636701,-0.05000019073486328,-0.039999961853027344
2020-09-04,0.0,22149500.0,-0.36999988555908203,-0.09000015258789062,-0.020000457763671875
2020-09-08,-0.25,20712000.0,-0.1700000762939453,-0.09000015258788885,-0.1399993896484375
2020-09-09,0.0,17716100.0,-0.07999992370605469,-0.149999618530277,-0.1400003433227539
2020-09-10,-0.03999996185302912,30209800.0,0.14999961853027344,0.07999992370605646,-0.09000015258788885
2020-09-11,-0.2700004577636719,25286500.0,-0.23999977111816406,-0.21000003814697266,0.050000190734861505
2020-09-14,0.5299997329711932,24419600.0,0.1999998092651385,0.07999992370605469,-0.25
2020-09-15,0.3200006484985334,29444700.0,0.3800001144409162,0.38000011444091797,0.48999977111816406
2020-09-16,-0.3299999237060547,18729400.0,-0.020000457763671875,0.05000019073486328,0.31000041961669744
2020-09-17,0.5999994277954102,58483500.0,0.32000064849853516,-0.15000057220459162,-0.39999961853027166
2020-09-18,-0.36999988555908203,46869000.0,-0.0900001525878924,0.3900003433227557,0.5899991989135742
2020-09-21,-0.06000041961669922,18966300.0,-0.36999988555908025,-0.2799997329711914,-0.4099998474121094
2020-09-22,0.07000064849853516,13753000.0,0.07999992370605469,0.05999946594238459,0.020000457763671875
2020-09-23,-0.3600006103515625,27736600.0,-0.11999988555908203,-0.13000011444091975,-0.03999996185302912
2020-09-24,0.23000049591064275,30902200.0,0.06999969482422053,-0.07999992370605469,-0.18000030517577947
2020-09-25,0.1700000762939471,26495500.0,0.07999992370605291,0.1400003433227539,0.14999961853027166
2020-09-28,-0.3600006103515625,37732800.0,0.06000041961669922,-0.07999992370605646,0.32000064849853693
2020-09-29,-0.1299991607665998,25217400.0,-0.2800006866455078,-0.14000034332275213,-0.5100002288818359
2020-09-30,0.189999580383299,23817800.0,-0.009999275207521308,0.07999992370605469,-0.010000228881835938
2020-10-01,0.15999984741210938,20845400.0,0.09999942779541193,0.11999988555908203,0.10000038146972656
2020-10-02,-0.1700000762939453,19312900.0,0.05000019073486506,0.05000019073486328,0.05999946594238281
2020-10-05,0.2800006866455078,17239400.0,0.010000228881834161,0.010000228881835938,-0.049999237060546875
2020-10-06,0.5299997329711914,55433200.0,0.8599996566772461,0.35000038146972656,0.36999988555908025
2020-10-07,0.18999958038330078,36817600.0,0.15999984741210938,0.5099992752075178,0.5
2020-10-08,0.15000057220458807,43108600.0,-0.07999992370605469,0.030000686645507812,0.17999935150146662
2020-10-09,-0.11000061035155895,24268300.0,0.15000057220458807,0.10999965667724787,0.030000686645507812
2020-10-13,0.18000030517577947,19256200.0,-0.06000041961669744,0.029999732971193183,-0.06000041961669744
2020-10-14,0.05000019073486328,23282200.0,0.10000038146972656,0.1900005340576154,0.1900005340576154
2020-10-15,-0.3600006103515625,17291600.0,-0.24000072479248047,-0.32000064849853516,-0.16000080108642578
2020-10-16,-0.1699991226196289,26454900.0,-0.25999927520751953,-0.2599992752075213,-0.1399993896484375
2020-10-19,-0.12000083923340021,20184800.0,0.05000019073486328,-0.03999996185302557,-0.21000003814697266
2020-10-20,0.2300004959106463,20035400.0,-0.0800008773803711,0.06999969482421875,0.09999942779541016
2020-10-21,-0.010000228881835938,20369800.0,0.1100006103515625,0.01999950408935547,-0.03999996185302557
2020-10-22,0.1999998092651385,21189900.0,0.019999504089357245,0.030000686645507812,0.09000015258788885
2020-10-23,0.3200006484985334,25463400.0,0.32999992370605113,0.25,0.1700000762939471
2020-10-26,0.3099994659423828,35347700.0,0.5100002288818377,0.34999942779541016,0.27999973297118963
2020-10-27,-0.4799995422363281,31147200.0,-0.14999961853027344,-0.22999954223632812,0.38000011444091797
2020-10-28,-0.35000038146972656,30778700.0,-0.6999998092651367,-0.4499998092651385,-0.7899999618530273
2020-10-29,-0.4799995422363281,79877400.0,0.009999275207521308,-0.5600004196166974,0.05000019073486328
2020-10-30,-0.7100000381469744,46496800.0,-0.7199993133544922,-0.43999958038330256,-0.8100004196166992
2020-11-03,0.5999994277954119,40584400.0,0.009999275207517755,0.17000007629394887,-0.2899999618530291
2020-11-04,0.03999996185302912,32125300.0,0.2700004577636719,0.42000007629394354,0.5700006484985369
2020-11-05,0.5100002288818359,23251900.0,0.22999954223632812,0.17999935150146484,0.11999988555908203
2020-11-06,-0.07999992370605646,20836200.0,0.13000011444091797,0.18000030517578125,0.1099996566772461
2020-11-09,0.9700002670288086,57332800.0,0.7600002288818359,0.48999977111816406,0.6100006103515625
2020-11-10,0.9899997711181641,88015400.0,1.0,0.4800004959106463,0.2999992370605469
2020-11-11,-0.310000419616701,44074400.0,0.0,0.6499996185302717,1.0900001525878906
2020-11-12,-0.27999973297118963,28783200.0,-0.19999980926513672,-0.23999977111816406,-0.30000019073486506
2020-11-13,0.48999977111816406,31182600.0,0.15999984741210938,0.05000019073486328,-0.21000003814697088
2020-11-16,0.25,24432100.0,0.23999977111816406,0.46000003814697266,0.5800008773803711
2020-11-17,0.10000038146972656,32058700.0,0.23999977111816406,0.08999919891357422,0.009999275207519531
2020-11-18,-0.619999885559082,31701300.0,-0.14999961853027344,-0.2999992370605469,0.19999980926513672
2020-11-19,-0.1100006103515625,30028900.0,-0.439999580383299,-0.15000057220458984,-0.5799999237060565
2020-11-23,-0.06999969482421875,23466400.0,-0.38000011444091975,-0.36999988555908203,-0.33999919891357244
2020-11-24,0.09000015258789062,30059900.0,0.38000011444091975,0.31999969482421875,0.15999984741210938
2020-11-25,-0.26000022888183594,19138400.0,-0.35000038146972834,-0.13000011444091797,0.029999732971191406
2020-11-26,-0.06999969482422053,10458000.0,-0.15999984741210938,-0.1299991607665998,-0.3599996566772461
2020-11-27,-0.10000038146972301,17499400.0,0.010000228881837714,-0.030000686645507812,0.08999919891357422
2020-11-30,-0.3400001525878924,41880800.0,-0.10000038146972834,-0.3400001525878924,-0.05999946594238459
2020-12-01,0.7000007629394513,26702100.0,0.23999977111816406,0.10000038146972834,-0.3299999237060529
2020-12-02,0.1999998092651385,18287100.0,0.1900005340576154,0.39999961853027166,0.5199995040893555
2020-12-03,-0.18000030517578125,32918200.0,-0.07000064849853338,-0.17999935150146484,0.13000011444091797
2020-12-04,0.039999961853027344,18361200.0,-0.049999237060546875,0.26000022888183594,0.0
2020-12-07,0.23000049591064453,25164600.0,0.4199991226196289,0.2899999618530291,0.18000030517577947
2020-12-08,0.07999992370605469,23395100.0,-0.04999923706054865,-0.0900001525878924,-0.010000228881834161
2020-12-09,0.21000003814697266,23965900.0,0.09999942779541193,0.21000003814697266,0.1100006103515625
2020-12-10,0.42999935150146484,144062500.0,0.6400003433227521,0.3899993896484375,0.34999942779541016
2020-12-11,-0.18999958038330078,31872700.0,-0.11999988555908025,-0.03999996185302557,0.28999996185302734
2020-12-14,-0.18000030517577947,21900800.0,-0.1400003433227539,-0.04999923706054865,-0.07999992370605291
2020-12-15,0.2400007247924787,19882900.0,0.18000030517578125,0.04999923706054865,-0.26000022888183594
2020-12-16,0.2599992752075213,36866900.0,0.1399993896484375,0.07999992370605113,0.2800006866455078
2020-12-17,0.2399997711181623,58329100.0,0.12000083923339844,0.30000019073486506,0.2199993133544922
2020-12-18,-0.19999980926513672,33239900.0,-0.05000114440917969,-0.05999946594238281,-0.07999992370605646
2020-12-21,-0.43999958038330256,24879600.0,-0.25999927520751953,-0.3299999237060547,-0.0900001525878924
2020-12-22,0.0900001525878924,15406100.0,-0.039999961853027344,0.15999984741210938,-0.14999961853027166
2020-12-23,-0.010000228881835938,11560800.0,-0.020000457763671875,0.029999732971191406,0.07999992370605646
2020-12-28,0.2700004577636719,11958000.0,0.21000003814697266,0.0,-0.010000228881835938
2020-12-29,0.17999935150146484,13638800.0,0.07000064849853516,0.2799997329711914,0.32999992370605113
2020-12-30,-0.30000019073486506,19432700.0,0.09000015258789062,-0.13000011444091975,0.1499996185302752
2021-01-04,-0.17000007629394354,17835200.0,-0.24999999999999822,-0.2699995040893537,-0.25999927520751953
2021-01-05,0.3300008773803711,37105800.0,0.17000007629394354,-0.15000057220458984,-0.4200000762939453
2021-01-06,0.31999874114990234,28371600.0,0.20999908447265625,0.40000057220458984,0.28999996185302734
2021-01-07,-0.07999992370605469,32540100.0,0.010000228881835938,0.2799997329711914,0.37000083923339844
2021-01-08,0.48000144958496094,30188800.0,0.5100002288818359,0.12000083923339844,0.06999969482421875
2021-01-11,-0.43000030517578125,23618800.0,-0.15999984741210938,0.019998550415039062,0.3099994659423828
2021-01-12,0.6999988555908203,30598100.0,0.31999969482421875,0.12000083923339844,-0.23999977111816406
2021-01-13,-0.6299991607666016,44066900.0,-0.28999900817871094,-0.1900005340576172,0.3299999237060547
2021-01-14,0.09000015258789062,17183300.0,-0.1900005340576172,0.06999969482421875,-0.37999916076660156
2021-01-15,-0.3100004196166992,27742000.0,-0.15999984741210938,-0.1199989318847674,-0.10000038146972656
2021-01-18,0.26999950408935547,13979800.0,0.20999908447265625,0.0900001525878924,0.1399993896484375
2021-01-19,0.05000114440917969,16980100.0,-0.1399993896484375,-0.04000091552734375,0.13000106811523438
2021-01-20,-0.25,18321500.0,0.049999237060546875,-0.07999992370605646,0.029998779296875
2021-01-21,-0.4100008010864258,23062400.0,-0.31999969482421875,-0.4099998474121076,-0.36999988555908203
2021-01-22,-0.46000003814697443,36117500.0,-0.5199995040893555,-0.5399999618530273,-0.5299997329711932
2021-01-26,0.25,28714100.0,0.1399993896484375,0.23999977111816406,-0.21000003814697088
2021-01-27,0.0,27437800.0,-0.09999942779541016,-0.019999504089357245,0.189999580383299
2021-01-28,0.14000034332275568,20208100.0,0.1700000762939453,0.0900001525878924,-0.009999275207517755
2021-01-29,-0.43000030517578125,23141500.0,-0.0900001525878924,-0.1900005340576154,0.009999275207517755
2021-02-01,0.49000072479248225,22235900.0,0.029999732971193183,0.15000057220458807,-0.03999996185302557
2021-02-02,0.009999275207517755,34642100.0,0.5999994277954102,0.21000003814697088,0.5100002288818359
2021-02-03,0.07000064849853338,17825900.0,-0.37999916076660334,0.18999958038330256,-0.1700000762939453
2021-02-04,-0.07999992370605113,12952800.0,-0.14000034332275213,-0.1700000762939453,-0.1099996566772461
2021-02-05,-0.07999992370605646,11336800.0,0.03999996185302912,0.06000041961669922,0.09000015258788885
2021-02-08,-0.5800008773803711,35731300.0,-0.25,-0.6400003433227539,-0.14000034332275213
2021-02-09,0.020000457763671875,16168600.0,-0.4299993515014666,-0.050000190734861505,-0.689999580383299
2021-02-10,0.05000019073486328,25616400.0,-0.020000457763671875,0.06000041961669744,0.14999961853027166
2021-02-11,-0.06000041961669922,17224700.0,0.10000038146972656,-0.050000190734861505,0.11999988555908203
2021-02-12,-0.15999984741210938,17542300.0,-0.25,-0.07999992370605646,-0.22999954223632812
2021-02-17,0.48000049591064453,30687100.0,0.42999935150146307,0.26000022888183594,0.28999996185302557
2021-02-18,-0.48000049591064453,30823900.0,-0.17999935150146307,-0.2200002670288086,0.009999275207521308
2021-02-19,0.10000038146972656,25717400.0,-0.21000003814697266,-0.13000011444091797,-0.42999935150146484
2021-02-22,-0.31000041961669744,39438200.0,-0.11999988555908203,-0.3299999237060529,-0.19999980926513672
2021-02-23,0.10999965667724432,28897400.0,-0.05000019073486328,0.09000015258788707,0.09999942779541016
2021-02-24,-0.009999275207521308,16385700.0,-0.05000019073486328,0.07999992370605646,0.039999961853027344
2021-02-25,-0.48000049591064275,33159300.0,-0.039999961853027344,-0.3199996948242205,-0.019999504089357245
2021-02-26,-0.17999935150146484,33969400.0,-0.36999988555908203,-0.18000030517577947,-0.4700002670288068
2021-03-01,-0.25,19850200.0,-0.10000038146972656,-0.22999954223632812,-0.05000019073486328
2021-03-02,0.2199993133544922,42904000.0,-0.10999965667724787,-0.42000007629394354,-0.6499996185302734
2021-03-03,0.18000030517577947,40193500.0,0.2799997329711932,0.27999973297118963,0.42999935150146484
2021-03-04,0.6099996566772479,37825700.0,0.38000011444091975,0.630000114440918,0.41000080108642756
2021-03-05,0.30000019073486506,39950600.0,0.5200004577636719,0.6399993896484357,0.5999994277954084
2021-03-08,-0.3900003433227557,40360600.0,-0.10000038146972834,-0.2699995040893537,-0.15999984741210938
2021-03-09,0.4700002670288086,31116200.0,0.020000457763671875,-0.10000038146972656,-0.189999580383299
2021-03-10,0.1100006103515625,37414300.0,0.039999961853027344,0.30000019073486506,0.6299991607665998
2021-03-11,-0.18000030517578125,19424400.0,0.2899999618530291,0.19999980926513494,0.1400003433227539
2021-03-12,-0.06000041961669922,17805500.0,-0.3700008392334002,-0.09999942779541193,-0.43000030517578125
2021-03-15,0.2700004577636719,11348000.0,0.07000064849853516,0.019999504089357245,0.030000686645507812
2021-03-16,-0.25,16891900.0,0.019999504089357245,-0.039999961853027344,0.25999927520751953
2021-03-17,0.36999988555908025,23843400.0,0.14000034332275213,-0.09999942779541016,-0.20999908447265625
2021-03-18,-0.11999988555908025,20329000.0,-0.020000457763671875,0.34999942779541016,0.22999954223632812
2021-03-19,0.30000019073486506,32656900.0,0.1900005340576172,0.11999988555908203,0.10000038146972834
2021-03-22,-0.060000419616700995,22475500.0,0.050000190734861505,0.0,-0.060000419616700995
2021-03-23,-0.4600000381469709,16016400.0,-0.1300001144409162,-0.19999980926513494,0.11999988555908203
2021-03-24,-0.2799997329711932,25521500.0,-0.26000022888183594,-0.3199996948242205,-0.39999961853027344
2021-03-25,0.18999958038330078,21553400.0,-0.1700000762939453,-0.05000019073486328,-0.2700004577636719
2021-03-26,0.1599998474121076,16410500.0,0.21000003814697443,0.2799997329711914,0.2700004577636719
2021-03-29,0.15000057220459162,13766000.0,0.03999996185302557,0.020000457763671875,0.05999946594238459
2021-03-30,0.28999996185302734,15332100.0,0.3599996566772461,0.06999969482422053,0.06000041961669744
2021-03-31,-0.3000001907348633,14580700.0,-0.05999946594238459,0.21000003814697088,0.47000026702881037
2021-04-01,-0.28999996185302734,15974100.0,-0.2700004577636719,-0.3000001907348633,-0.21000003814697443
2021-04-05,0.2700004577636719,20988000.0,-0.009999275207517755,0.11000061035156428,-0.26000022888183594
2021-04-06,0.11999988555908203,12645800.0,0.08999919891357422,0.059999465942381036,0.1400003433227539
2021-04-07,-0.1700000762939453,11811200.0,-0.04999923706054865,-0.06999969482421875,-0.04000091552734375
2021-04-08,0.22999954223632812,19194000.0,0.23999977111816406,0.05000019073486328,-0.029999732971191406
2021-04-09,-0.09000015258789062,16710000.0,-0.02999973297118963,0.06999969482421875,0.020000457763671875
2021-04-12,0.15000057220458984,11987600.0,-0.03999996185302557,0.14999961853027344,0.2799997329711914
2021-04-13,0.11999988555908203,19448300.0,0.13999938964843572,0.010000228881835938,0.0
2021-04-14,0.18000030517578125,21466700.0,0.1599998474121076,0.25,0.1400003433227539
2021-04-15,0.05999946594238281,17705700.0,0.13000106811523615,0.10000038146972656,0.14999961853027344
2021-04-16,-0.06999969482421875,13563400.0,-0.07000064849853516,0.0,0.0
2021-04-19,-0.07000064849853516,20032500.0,0.1099996566772461,-0.21000003814697266,-0.25
2021-04-20,-0.1099996566772461,12697600.0,-0.26999950408935547,0.01999950408935547,0.1300001144409162
2021-04-22,0.27999973297118963,22839800.0,0.3100004196166992,0.13000011444091797,0.22000026702881037
2021-04-23,-0.04999923706054332,22545200.0,-0.060001373291015625,0.15999984741211115,0.08999919891357422
2021-04-26,-0.2600002288818377,19142000.0,-0.19999885559081854,-0.3400001525878924,-0.3799991607665998
2021-04-27,-0.3000001907348633,18054400.0,-0.25,-0.26999950408935547,-0.0900001525878924
2021-04-28,-0.07999992370605469,11855100.0,-0.19000053405761896,-0.029999732971193183,-0.21000003814697266
2021-04-29,0.05000019073486328,14243200.0,0.05000019073486328,0.029999732971193183,-0.09000015258789062
2021-04-30,-0.32000064849853516,29652900.0,-0.15999984741210938,-0.3000001907348633,-0.010000228881835938
2021-05-03,-0.1399993896484375,25143600.0,-0.3100004196166992,-0.3000001907348633,-0.2799997329711932
2021-05-04,-0.15999984741210938,16889200.0,-0.18999958038330078,-0.06999969482421875,-0.18000030517577947
2021-05-05,0.2199993133544922,18070800.0,0.11999988555908025,0.029999732971193183,-0.0900001525878924
2021-05-06,1.3200006484985352,73311200.0,1.3700008392334002,1.150000572204588,1.190000534057619
2021-05-07,0.029998779296875,22279100.0,0.03999900817871094,0.2799997329711914,0.35000038146972656
2021-05-10,0.29000091552734375,29355000.0,0.31999969482421875,0.09000015258789062,-0.04000091552734375
2021-05-11,0.37000083923339844,25719300.0,0.35000038146972656,0.15999984741210938,0.20000076293945312
2021-05-12,0.0,35518800.0,0.22999954223632812,0.39999961853027344,0.2999992370605469
2021-05-13,0.009998321533203125,19320300.0,-0.09000015258789062,0.1100006103515625,0.35000038146972656
2021-05-14,0.3000011444091797,20899500.0,0.1900005340576172,0.2999992370605469,0.10000038146972656
2021-05-17,0.2199993133544922,16843500.0,0.20000076293945312,0.04000091552734375,0.12999916076660156
2021-05-18,0.020000457763671875,15746000.0,0.05999946594238281,0.15999984741210938,0.12000083923339844
2021-05-19,0.1399993896484375,17538900.0,0.010000228881835938,0.06999969482421875,0.020000457763671875
2021-05-20,-0.019998550415039062,21344500.0,0.03999900817871094,0.04000091552734375,0.17999839782714844
2021-05-21,0.06999969482421875,27358200.0,-0.010000228881835938,-0.1400012969970703,0.0
2021-05-24,0.019998550415039062,13845700.0,0.1100006103515625,0.21000099182128906,0.060001373291015625
2021-05-25,-0.019998550415039062,13963000.0,0.05999946594238281,0.09000015258789062,0.14999961853027344
2021-05-26,-0.1400012969970703,16085400.0,0.0,-0.21000099182128906,-0.010000228881835938
2021-05-27,0.220001220703125,41881900.0,-0.10999870300292969,-0.11999893188476562,-0.37000083923339844
2021-05-28,0.15999984741210938,17328000.0,0.25,0.2999992370605469,0.21000099182128906
2021-05-31,0.10000038146972656,10102100.0,0.010000228881835938,0.20999908447265625,0.14999961853027344
2021-06-01,0.8199996948242188,60016600.0,1.029998779296875,0.21000099182128906,0.25
2021-06-02,0.6000003814697266,60424800.0,0.6800003051757812,0.7000007629394531,0.7800006866455078
2021-06-04,0.009998321533203125,33841600.0,-0.20000076293945312,0.4399986267089844,0.529998779296875
2021-06-07,0.220001220703125,27901200.0,0.3600006103515625,0.13000106811523438,0.020000457763671875
2021-06-08,-0.010000228881835938,23209600.0,0.0400009155273402,0.18000030517578125,0.14999961853026988
2021-06-09,-0.2800006866455078,25062800.0,-0.10000038146971946,-0.09000015258789062,0.12000083923340199
2021-06-10,0.010000228881835938,17134100.0,-0.29000091552735086,-0.1900005340576172,-0.15999984741210938
2021-06-11,-0.37999916076660156,30946600.0,-0.07999992370604758,-0.25,-0.1900005340576172
2021-06-14,0.5399990081787109,22185300.0,0.11000061035155895,0.14999961853027344,-0.20999908447265625
2021-06-15,-0.35000038146972656,12469400.0,-0.049999237060546875,0.1399993896484375,0.4200000762939453
2021-06-16,-0.03999900817871094,36205000.0,-0.10000038146972656,-0.12999916076660156,-0.3100013732910121
2021-06-17,-0.07999992370605113,22474800.0,0.1700000762939453,-0.18000030517578125,-0.029998779296882105
2021-06-18,-0.25,27084500.0,-0.43000030517578125,-0.1800003051757777,-0.19000053405761363
2021-06-21,-0.030000686645511365,13009100.0,-0.21000099182128906,-0.07999992370605824,-0.2199993133544922
2021-06-22,-0.4399986267089844,32543400.0,-0.20999908447265625,-0.48999977111816406,-0.13000106811523438
2021-06-23,-0.3000011444091797,21757300.0,-0.25,-0.1700000762939453,-0.4400005340576172
2021-06-24,-0.03999900817871094,21592700.0,-0.31999969482421875,-0.18000030517578125,-0.029998779296875
2021-06-25,-1.0,66198100.0,-0.10000038146972656,-0.7699985504150391,-0.2700004577636719
2021-06-28,0.5499992370605469,41325600.0,-0.35000038146972656,0.049999237060546875,-0.6599998474121094
2021-06-29,-0.20999908447265625,46943000.0,-0.14999961853027344,-0.10000038146972656,0.18000030517578125
2021-06-30,-0.220001220703125,28949400.0,-0.04000091552734375,0.12000083923339844,-0.20000076293945312
2021-07-01,0.13000106811523438,39119700.0,-0.1399993896484375,-0.20000076293945312,-0.28999900817871094
2021-07-02,0.22999954223632812,24241600.0,0.3099994659423828,0.43000030517578125,0.529998779296875
2021-07-05,0.5100002288818359,18812100.0,0.37000083923339844,0.1100006103515625,0.030000686645507812
2021-07-06,-0.3900012969970703,34060600.0,-0.1399993896484375,-0.04000091552734375,0.31999969482421875
2021-07-07,0.220001220703125,25160400.0,0.03999900817871094,0.23999977111816406,-0.049999237060546875
2021-07-08,-0.4099998474121094,17936500.0,-0.2700004577636719,-0.28999900817871094,-0.220001220703125
2021-07-12,0.2999992370605469,15673600.0,0.09000015258789062,0.020000457763671875,0.04000091552734375
2021-07-13,0.1399993896484375,22447700.0,0.18000030517578125,0.12999916076660156,-0.020000457763671875
2021-07-14,0.1100006103515625,28762700.0,0.2700004577636719,0.3400001525878906,0.6100006103515625
2021-07-15,-0.28999900817871094,23006300.0,-0.2199993133544922,-0.3000011444091797,-0.14999961853027344
2021-07-16,-0.1900005340576172,23216000.0,-0.1700000762939453,-0.029998779296875,-0.220001220703125
2021-07-19,-0.4200000762939453,21998300.0,-0.48000144958496094,-0.5300006866455078,-0.48999977111816406
2021-07-20,0.020000457763671875,15847800.0,-0.1399993896484375,-0.029998779296875,-0.20999908447265625
2021-07-21,0.1700000762939453,13985700.0,0.05999946594238281,0.08999824523925781,0.03999900817871094
2021-07-22,-0.1700000762939453,17005900.0,-0.019998550415039062,-0.06999969482421875,0.06999969482421875
2021-07-23,-0.2800006866455078,11774400.0,-0.07999992370605469,-0.15999984741210938,-0.029998779296875
2021-07-26,0.3400001525878906,11973200.0,0.009998321533203125,-0.010000228881835938,-0.3600006103515625
2021-07-27,-0.1700000762939453,11928000.0,-0.049999237060546875,0.07999992370605469,0.25
2021-07-28,0.4099998474121094,27723400.0,0.25,0.05000114440917969,0.04000091552734375
2021-07-29,-0.20000076293945312,54590700.0,0.05999946594238281,-0.31999969482421875,0.17999839782714844
2021-07-30,-0.48999977111816406,23889000.0,-0.049999237060546875,0.10999870300292969,-0.2199993133544922
2021-08-02,0.220001220703125,21537000.0,-0.1700000762939453,0.220001220703125,-0.10000038146972656
2021-08-03,0.20999908447265625,26003800.0,0.06999969482421875,-0.2800006866455078,-0.05999946594238281
2021-08-04,-0.4400005340576172,20523000.0,-0.18000030517578125,0.010000228881835938,0.06999969482421875
2021-08-05,-0.009998321533203125,18203900.0,-0.1399993896484375,0.0,-0.1100006103515625
2021-08-06,0.4799995422363281,18667000.0,0.25,0.06999969482421875,-0.09999847412109375
2021-08-09,0.05999946594238281,15969000.0,0.1900005340576172,0.3400001525878906,0.4099998474121094
2021-08-10,-0.4500007629394531,21467500.0,-0.21000099182128906,-0.29000091552734375,0.03999900817871094
2021-08-11,-0.1399993896484375,17091400.0,-0.3299999237060547,-0.25,-0.4400005340576172
2021-08-12,0.010000228881835938,15643300.0,-0.03999900817871094,0.04000091552734375,-0.1399993896484375
2021-08-13,0.06999969482421875,16218300.0,-0.12000083923339844,-0.20000076293945312,0.020000457763671875
2021-08-16,-0.25,18371000.0,0.04000091552734375,0.030000686645507812,-0.05999946594238281
2021-08-17,-0.07999992370605469,26879900.0,-0.21000099182128906,-0.2199993133544922,-0.1400012969970703
2021-08-18,0.14999961853027344,23317500.0,0.3299999237060547,0.10999870300292969,-0.09000015258789062
2021-08-19,0.720001220703125,39834200.0,0.4500007629394531,0.1900005340576172,0.15999984741210938
2021-08-20,0.35000038146972656,34873200.0,0.3299999237060547,0.5,0.4500007629394531
2021-08-23,-0.18000030517578125,17262100.0,-0.020000457763671875,0.3099994659423828,0.6000003814697266
2021-08-24,0.22999954223632812,18073900.0,0.09000015258789062,0.13000106811523438,-0.030000686645507812
2021-08-25,-0.010000228881835938,13858600.0,-0.049999237060546875,-0.010000228881835938,0.020000457763671875
2021-08-26,-0.4699993133544922,22172500.0,-0.1600017547607422,-0.2800006866455078,-0.10000038146972656
2021-08-27,-0.06999969482421875,16973500.0,-0.279998779296875,-0.14999961853027344,-0.2199993133544922
2021-08-30,0.1399993896484375,16781900.0,0.049999237060546875,-0.10000038146972656,-0.220001220703125
2021-08-31,-0.07999992370605469,28079100.0,-0.05999946594238281,0.0,0.1900005340576172
2021-09-01,0.15999984741210938,17593400.0,0.20999908447265625,0.23000144958496094,0.010000228881835938
2021-09-02,-0.7399997711181641,36473800.0,-0.2599983215332031,-0.6500015258789062,-0.03999900817871094
2021-09-03,0.03999900817871094,40771400.0,-0.3600006103515625,0.05000114440917969,-0.48000144958496094
2021-09-06,0.6300010681152344,10036700.0,0.43000030517578125,-0.12000083923339844,-0.07999992370605469
2021-09-08,-0.9800014495849609,39304600.0,-0.18000030517578125,-0.1100006103515625,0.43000030517578125
2021-09-09,0.10000038146972656,26356800.0,-0.6000003814697266,-0.1999988555908203,-0.7899990081787109
2021-09-10,-0.20999908447265625,23336500.0,0.2199993133544922,0.09000015258789062,0.22999954223632812
2021-09-13,0.25,14849500.0,-0.029998779296875,0.18000030517578125,0.10000038146972656
2021-09-14,0.09000015258789062,12461100.0,0.06999969482421875,0.09000015258789062,-0.12000083923339844
2021-09-15,-0.4200000762939453,20538700.0,-0.18000030517578125,-0.37000083923339844,0.049999237060546875
2021-09-16,0.10999870300292969,26714500.0,-0.03999900817871094,-0.2200002670288086,-0.45999908447265625
2021-09-17,-0.3899993896484375,53864700.0,-0.2700004577636719,-0.42999935150146307,0.18000030517578125
2021-09-20,-0.13000011444091797,22475300.0,-0.32000064849853516,0.10999965667724432,-0.6500005722045898
2021-09-21,0.05000019073486328,12843400.0,0.1400003433227539,0.11999988555908381,0.15000057220458807
2021-09-22,0.06000041961669922,13740400.0,-0.10000038146972834,0.050000190734861505,0.0900001525878924
2021-09-23,0.15999984741210938,21550900.0,0.07999992370605646,0.03999996185302557,0.029999732971191406
2021-09-24,-0.039999961853027344,16219600.0,-0.06999969482421875,-0.06000041961669744,-0.18000030517578125
2021-09-27,-0.010000228881834161,14263100.0,0.09000015258789062,0.03999996185302557,0.02999973297118963
2021-09-28,-0.3900003433227557,17672700.0,-0.13000011444091797,-0.28999996185302557,0.11000061035156428
2021-09-29,0.05000019073486328,37200600.0,-0.09000015258789062,0.06000041961669744,-0.2200002670288086
2021-09-30,-0.18999958038330078,39267900.0,-0.21000003814697088,-0.1300001144409162,0.010000228881835938
2021-10-01,-0.029999732971191406,24130000.0,-0.10999965667724787,-0.23999977111816406,-0.1400003433227539
2021-10-04,-0.23000049591064453,29169100.0,-0.23000049591064453,-0.23999977111816406,-0.3299999237060529
2021-10-05,0.14000034332275213,22871800.0,0.10000038146972834,0.06999969482421875,-0.010000228881835938
2021-10-06,-0.07999992370605113,36830600.0,0.06000041961669744,0.1400003433227539,-0.019999504089357245
2021-10-07,-0.020000457763671875,19716000.0,-0.1900005340576172,-0.010000228881835938,0.07999992370605469
2021-10-08,0.27999973297118963,23980500.0,0.38000011444091975,0.13999938964843572,0.03999996185302557
2021-10-11,-0.11999988555908203,20540600.0,-0.010000228881835938,0.0,0.14000034332275568
2021-10-13,0.2700004577636719,22276300.0,0.11000061035155895,0.05000019073486506,-0.1100006103515625
2021-10-14,-0.020000457763671875,11517700.0,-0.07999992370605113,0.18000030517578125,0.3400001525878906
2021-10-15,0.039999961853027344,19521400.0,0.02999973297118963,-0.020000457763671875,-0.029999732971191406
2021-10-18,0.09000015258789062,16887800.0,0.09000015258789062,-0.05999946594238281,-0.11000061035156428
2021-10-19,-0.4799995422363281,21370000.0,-0.1700000762939453,-0.23000049591064275,-0.14999961853027166
2021-10-20,0.26999950408935547,19273600.0,0.029999732971193183,0.14000034332275213,0.05000019073486328
2021-10-21,-0.26999950408935547,23499300.0,-0.30000019073486506,-0.3599996566772443,-0.3000001907348633
2021-10-22,-0.1400003433227539,29599100.0,-0.05000019073486328,-0.310000419616701,-0.17000007629394354
2021-10-25,0.2700004577636719,19933100.0,0.21000003814697266,0.46000003814697266,0.18000030517577947
2021-10-26,-0.1100006103515625,20648000.0,-0.11999988555908025,0.05000019073486328,0.13999938964843572
2021-10-27,0.06000041961669922,26056100.0,0.39000034332275213,0.1700000762939453,0.16000080108642756
2021-10-28,1.4800004959106445,91395500.0,1.1600008010864258,0.9499998092651367,1.0999994277954102
2021-10-29,0.28999900817871094,44577500.0,0.34999847412109375,0.5300006866455078,0.31999969482421875
2021-11-01,0.37000083923339844,39314900.0,0.32000160217285156,0.26999855041503906,0.39999961853027344
2021-11-03,0.4699993133544922,42222400.0,0.5599994659423828,0.23000144958496094,0.07000160217285156
2021-11-04,0.049999237060546875,19997300.0,-0.12000083923339844,0.4499988555908203,0.6199989318847656
2021-11-05,0.020000457763671875,19208500.0,0.1400012969970703,0.18000030517578125,0.15999984741210938
2021-11-08,-0.15999984741210938,16697000.0,-0.09000015258789062,-0.15999984741210938,-0.15999984741210938
2021-11-09,0.14999961853027344,23812900.0,0.05999946594238281,0.030000686645507812,-0.11999893188476562
2021-11-10,-0.1399993896484375,20848100.0,-0.020000457763671875,-0.010000228881835938,0.12999916076660156
2021-11-11,-0.1399993896484375,24597200.0,-0.12999916076660156,-0.09000015258789062,0.10000038146972656
2021-11-12,-0.10000038146972656,39208600.0,-0.020000457763671875,-0.25,-0.3299999237060547
2021-11-16,0.0,21469300.0,-0.22999954223632812,0.09000015258789062,0.020000457763671875
2021-11-17,0.030000686645507812,18502600.0,-0.030000686645507812,-0.1100006103515625,0.029998779296875
2021-11-18,0.05999946594238281,17200900.0,0.07999992370605469,0.10000038146972656,-0.18000030517578125
2021-11-19,-0.21000099182128906,22010000.0,-0.020000457763671875,-0.06999969482421875,0.07999992370605469
2021-11-22,-0.06999969482421875,26964000.0,-0.11999893188476562,-0.10000038146972656,-0.09999847412109375
2021-11-23,-0.11999893188476562,29394600.0,-0.14999961853027344,-0.1700000762939453,-0.13000106811523438
2021-11-24,-0.10000038146972656,18485100.0,-0.15000152587890625,-0.1100006103515625,-0.26000022888183594
2021-11-25,0.12999916076660156,12150300.0,0.020000457763671875,0.020000457763671875,0.030000686645507812
2021-11-26,-0.5399990081787109,21060500.0,-0.25,-0.4200000762939453,-0.1900005340576172
2021-11-29,-0.35000038146972656,25888500.0,-0.1900005340576172,-0.3299999237060547,-0.12999916076660156
2021-11-30,-0.2800006866455078,54414600.0,-0.529998779296875,-0.2799997329711914,-0.43000030517578125
2021-12-01,-0.19999980926513672,35109400.0,-0.14999961853027344,-0.3299999237060547,-0.25
2021-12-02,0.15000057220458984,33321600.0,-0.020000457763671875,0.08999919891357422,-0.10000038146972656
2021-12-03,-0.010000228881835938,26061600.0,0.029998779296875,0.10000038146972834,0.020000457763671875
2021-12-06,0.07999992370605469,16844300.0,0.13000106811523438,0.11999988555908025,0.030000686645507812
2021-12-07,0.020000457763671875,27590900.0,0.0,0.09999942779541016,0.14999961853027344
2021-12-08,-0.020000457763671875,23395200.0,0.0,-0.12999916076660334,-0.06999969482421875
2021-12-09,-0.26999950408935547,19725400.0,-0.22999954223632812,-0.23000049591064275,-0.020000457763671875
2021-12-10,0.1399993896484375,15656500.0,0.1700000762939453,0.18000030517578125,0.14999961853027344
2021-12-13,0.06000041961669922,29400400.0,-0.10000038146972656,0.02999973297118963,-0.20000076293945312
2021-12-14,0.15999984741210938,36628700.0,0.2700004577636719,0.12000083923340021,-0.029998779296875
2021-12-15,-0.09000015258789062,21743100.0,-0.1900005340576172,-0.0800008773803711,0.23999977111816406
2021-12-16,0.020000457763671875,21380800.0,0.030000686645507812,0.0800008773803711,-0.06999969482421875
2021-12-17,-0.030000686645507812,32774400.0,-0.04000091552734375,-0.010000228881835938,-0.18000030517578125
2021-12-20,-0.6499996185302752,17585900.0,-0.6999998092651367,-0.7700004577636719,-0.5100002288818359
2021-12-21,-0.020000457763671875,18636200.0,0.0,0.07999992370605646,-0.05000019073486328
2021-12-22,-0.009999275207517755,11675500.0,-0.039999961853027344,-0.06999969482422053,-0.039999961853027344
2021-12-23,0.15999984741210938,10634700.0,0.1599998474121076,0.09000015258789062,-0.010000228881837714
2021-12-27,-0.020000457763671875,8437200.0,-0.020000457763671875,0.1399993896484375,0.15000057220459162
2021-12-28,-0.009999275207519531,7701300.0,-0.07999992370605113,-0.07999992370605646,-0.010000228881835938
2021-12-29,-0.07000064849853516,8847300.0,-0.009999275207521308,-0.059999465942381036,0.010000228881835938
2021-12-30,-0.029999732971193183,11819300.0,0.029999732971191406,0.05000019073486328,0.029999732971193183
2022-01-03,-0.09000015258788707,23833600.0,-0.05000019073486328,-0.24000072479248225,-0.15999984741211293
2022-01-04,-0.019999504089357245,16357700.0,-0.14000034332275568,-0.10999965667724432,-0.10000038146972301
2022-01-05,-0.3000001907348633,24652000.0,-0.10999965667724432,-0.07999992370605469,-0.06999969482422053
2022-01-06,-0.23999977111816406,20406300.0,-0.22999954223632812,-0.3000001907348633,-0.21000003814697266
2022-01-07,-0.24000072479248047,19673600.0,-0.26000022888183594,-0.21000003814697266,-0.23999977111816406
2022-01-10,0.11999988555908025,16375000.0,-0.07000064849853516,-0.09999942779540838,-0.3600006103515625
2022-01-11,0.030000686645507812,20485500.0,0.0,0.09999942779540838,0.1700000762939453
2022-01-12,0.1999998092651385,31912000.0,0.3000001907348633,0.1100006103515625,0.030000686645507812
2022-01-13,0.1099996566772461,20755600.0,0.020000457763671875,0.19999980926513672,0.22999954223632812
2022-01-14,0.11000061035156428,14544400.0,0.15999984741210938,0.13999938964843572,0.1099996566772461
2022-01-17,-0.30000019073486506,21167400.0,-0.03999996185302912,-0.10999965667724432,0.06000041961669922
2022-01-18,-0.22000026702880682,24913300.0,-0.4300003051757795,-0.39999961853027344,-0.3000001907348633
2022-01-19,-0.03999996185302912,31621600.0,-0.05999946594238459,0.0,-0.0900001525878924
2022-01-20,-0.05000019073486328,30618200.0,-0.050000190734861505,0.03999996185302557,-0.02999973297118963
2022-01-21,0.19999980926513672,28616600.0,0.28999996185302557,-0.0200004577636701,-0.1700000762939453
2022-01-24,0.010000228881835938,29992000.0,0.13000011444091975,0.19999980926513672,0.3400001525878906
2022-01-25,0.3699998855590838,22283700.0,0.039999961853027344,0.0,-0.14999961853027344
2022-01-26,-0.06999969482422053,24257200.0,0.21000003814697266,0.2700004577636719,0.5499992370605469
2022-01-27,0.39999961853027166,24801400.0,0.18999958038330078,0.050000190734861505,-0.12999916076660156
2022-01-28,-0.4699993133544922,23251700.0,-0.17000007629394354,-0.07000064849853338,0.17999935150146484
2022-01-31,0.03999996185302912,21318000.0,-0.1999998092651385,-0.08999919891357422,-0.3400001525878924
2022-02-01,-0.11999988555908025,14112500.0,0.010000228881835938,0.01999950408935547,0.03999996185302912
2022-02-02,-0.32999992370605646,17975400.0,-0.1900005340576172,-0.3400001525878906,-0.08999919891357244
2022-02-03,-0.06000041961669922,13206600.0,-0.31999969482421875,-0.029999732971193183,-0.310000419616701
2022-02-04,-0.05000019073486328,18251100.0,-0.07999992370605469,-0.25,-0.11999988555908381
2022-02-07,-0.11999988555908203,21182100.0,-0.029999732971191406,0.10000038146972834,0.010000228881835938
2022-02-08,-0.13000011444091797,20758500.0,-0.18000030517577947,-0.16000080108642578,-0.17000007629394354
2022-02-09,0.38000011444091797,45857600.0,0.28999996185302557,0.03999996185302557,-0.11000061035156428
2022-02-10,0.21000003814697266,31338100.0,0.1999998092651385,0.2600002288818377,0.42000007629394887
2022-02-11,0.1099996566772461,30852600.0,0.2800006866455078,0.3400001525878906,0.25
2022-02-14,0.20000076293945312,33362000.0,-0.010000228881837714,0.07999992370605646,0.1599998474121076
2022-02-15,0.31999969482421875,50177400.0,0.6099996566772461,0.27999973297118963,0.13000011444091797
2022-02-16,-0.3000001907348615,25057100.0,-0.2200002670288086,-0.14999961853027344,0.3400001525878906
2022-02-17,-0.22999954223632812,19881500.0,-0.36999988555908203,-0.25,-0.3599996566772461
2022-02-18,-0.07999992370605646,11741300.0,-0.11999988555908203,0.029999732971191406,-0.11999988555908203
2022-02-21,-0.32000064849853516,12423900.0,-0.13999938964843572,-0.28999996185302734,-0.14000034332275213
2022-02-22,0.26000022888183594,24539400.0,-0.030000686645507812,-0.010000228881835938,-0.3900003433227557
2022-02-23,0.10000038146972656,30107000.0,0.4400005340576154,0.15000057220458984,0.18000030517578125
2022-02-24,0.029999732971191406,59579000.0,-0.4200000762939453,-0.7899999618530273,-0.38000011444091797
2022-02-25,0.3599996566772461,42942500.0,0.48999977111816584,0.8800001144409162,0.4400005340576154
2022-03-02,-0.6799993515014648,33189500.0,-0.35000038146972834,-0.26000022888183594,0.009999275207521308
2022-03-03,-0.3400001525878924,42098400.0,-0.4699993133544922,-0.36999988555908025,-0.17999935150146484
2022-03-04,-0.25,26285200.0,-0.2700004577636719,-0.23000049591064275,-0.3000001907348633
2022-03-07,-0.5,49545300.0,-0.4499998092651367,-0.5999994277954119,-0.4200000762939453
2022-03-08,0.009999275207521308,35552000.0,-0.06000041961669922,0.05999946594238281,-0.3900003433227557
2022-03-09,0.4900007247924787,26552200.0,0.2700004577636719,0.30000019073486506,0.20000076293945668
2022-03-10,-0.5500001907348615,37910700.0,-0.21000003814697266,-0.3400001525878924,0.17000007629394354
2022-03-11,-0.1999998092651385,23133200.0,-0.22999954223632812,-0.17999935150146484,-0.2700004577636719
2022-03-14,0.13999938964844105,24625600.0,-0.10000038146972656,0.09999942779541016,-0.2799997329711914
2022-03-15,0.15000057220458807,26412400.0,0.21000003814697088,0.19000053405761896,0.13000011444091975
2022-03-16,0.3099994659423828,24980000.0,0.1800003051757848,0.059999465942381036,0.14999961853027166
2022-03-17,0.15000057220458807,28381300.0,0.17000007629394354,0.2799997329711914,0.3100004196166992
2022-03-18,0.3199996948242205,44708300.0,0.22999954223632812,0.1100006103515625,0.03999996185302912
2022-03-21,-0.06999969482422053,15295600.0,0.1099996566772461,0.26000022888183594,0.21000003814697088
2022-03-22,0.1999998092651385,20799800.0,0.1400003433227539,0.14999961853027344,0.2599992752075213
2022-03-23,-0.1900005340576172,20051100.0,-0.11999988555908203,-0.14000034332275213,-0.009999275207521308
2022-03-24,0.010000228881835938,26157200.0,-0.020000457763671875,-0.009999275207521308,-0.1100006103515625
2022-03-25,0.11999988555908381,33591300.0,-0.009999275207517755,-0.1100006103515625,0.07999992370605469
2022-03-28,0.42000007629394354,19531800.0,0.39999961853027166,0.43000030517578125,0.15000057220458807
2022-03-29,0.5100002288818359,38100100.0,0.6499996185302717,0.48999977111816406,0.5199995040893572
2022-03-30,-0.07999992370605646,17703300.0,-0.09999942779540838,0.15000057220458984,0.3100004196166992
2022-03-31,0.22999954223632812,23786300.0,0.2799997329711932,0.1099996566772461,-0.030000686645507812
2022-04-01,-0.009999275207517755,31411400.0,0.09000015258788707,0.0,0.3600006103515625
2022-04-04,-0.20000076293945312,21788200.0,-0.22000026702880682,-0.050000190734861505,-0.19999980926513672
2022-04-05,-0.11999988555908025,11607000.0,-0.1700000762939453,-0.019999504089357245,-0.24000072479248225
2022-04-06,-0.11999988555908381,15442400.0,-0.18999958038330078,-0.25,-0.11999988555908025
2022-04-07,0.1100006103515625,21276300.0,0.05000019073486328,0.009999275207521308,-0.09999942779541193
2022-04-08,-0.13000011444091975,22202000.0,-0.010000228881835938,-0.07999992370605646,0.009999275207521308
2022-04-11,0.26999950408935725,27193900.0,0.3099994659423828,0.0,-0.11999988555908025
2022-04-12,-0.14999961853027344,24636500.0,0.10000038146972656,0.23999977111816406,0.5900001525878888
2022-04-13,-0.22000026702880682,33771300.0,-0.4200000762939453,-0.42999935150146484,-0.39999961853027344
2022-04-14,-0.13000011444091975,28820100.0,-0.21000003814697266,-0.09000015258789062,-0.1700000762939453
2022-04-18,0.010000228881835938,14601500.0,-0.1099996566772461,0.14000034332275568,-0.2200002670288086
2022-04-19,-0.060000419616700995,25953600.0,-0.039999961853027344,-0.19000053405761896,-0.05999946594238281
2022-04-20,0.07999992370605646,16174800.0,0.26000022888183594,0.15000057220458984,0.1399993896484375
2022-04-22,0.020000457763671875,34086700.0,-0.04000091552734375,-0.010000228881835938,-0.14999961853027344
2022-04-25,0.36999988555908203,34312300.0,0.21000003814697266,0.07999992370605469,0.21000003814697266
2022-04-26,-0.36999988555908203,23589700.0,-0.03999996185302912,0.1099996566772461,0.2799997329711914
2022-04-27,-0.06999969482422053,19261700.0,-0.2399997711181623,-0.09999942779541016,-0.14999961853027344
2022-04-28,0.029999732971193183,24849700.0,-0.039999961853027344,-0.020000457763671875,-0.18000030517578125
2022-04-29,-0.18999958038330078,26145100.0,0.13000011444091797,-0.09999942779541016,0.14000034332275568
2022-05-02,-0.05000019073486328,22755000.0,-0.28999996185302734,-0.20000076293945135,-0.2700004577636719
2022-05-03,-0.23000049591064453,21493900.0,-0.010000228881835938,-0.15999984741211115,-0.13000011444091975
2022-05-04,0.10000038146972656,23653200.0,-0.2799997329711932,-0.14999961853027344,-0.3299999237060547
2022-05-05,-0.6100006103515625,41147400.0,-0.09000015258788707,-0.3900003433227539,0.21000003814697443
2022-05-06,-0.19999980926513672,21978900.0,-0.5,-0.09000015258789062,-0.6000003814697283
2022-05-09,0.15999984741210938,26091800.0,0.020000457763671875,-0.15999984741210938,-0.32999992370605646
2022-05-10,0.039999961853027344,16310700.0,0.17999935150146307,0.35000038146972656,0.41000080108642756
2022-05-11,0.2200002670288086,29961100.0,0.13000011444091797,-0.07999992370605469,-0.09000015258789062
2022-05-12,0.5299997329711914,27076500.0,0.3400001525878906,0.14999961853027344,0.1399993896484375
2022-05-13,0.06000041961669922,13385100.0,0.17000007629394354,0.6599998474121094,0.6900005340576172
2022-05-16,0.14999961853027344,16896700.0,0.1800003051757848,-0.039999961853027344,-0.020000457763671875
2022-05-17,0.039999961853027344,13671500.0,0.03999996185302557,0.26000022888183416,0.3100004196166992
2022-05-18,-0.5099992752075195,29516600.0,-0.07000064849853338,-0.48999977111816406,-0.11999988555908203
2022-05-19,-0.07999992370605469,19551600.0,-0.5099992752075213,-0.22000026702880682,-0.4700002670288086
2022-05-20,-0.11999988555908203,24557200.0,-0.020000457763671875,-0.1300001144409162,0.0
2022-05-23,0.05999946594238459,21490000.0,-0.14999961853027344,0.020000457763671875,-0.1099996566772461
2022-05-24,0.050000190734861505,21853400.0,0.049999237060546875,0.0,-0.1400003433227539
2022-05-25,-0.09000015258789062,15767900.0,-0.05999946594238281,0.059999465942381036,0.11999988555908203
2022-05-26,0.1700000762939453,17300400.0,0.14999961853027344,0.06999969482421875,-0.07999992370605469
2022-05-27,0.0,14260900.0,0.09000015258789062,0.06000041961669922,0.14000034332275213
2022-05-30,-0.11999988555908203,7925000.0,0.010000228881835938,-0.029999732971191406,0.11999988555908381
2022-05-31,0.09999942779541016,28066600.0,-0.1099996566772461,0.05000019073486328,-0.13000011444091975
2022-06-01,-0.06999969482421875,15219000.0,-0.030000686645507812,-0.010000228881835938,-0.02999973297118963
2022-06-02,0.0,14894700.0,0.06000041961669922,-0.1700000762939453,0.14999961853027344
2022-06-03,-0.03999996185302557,20761400.0,0.019999504089357245,0.15999984741210938,-0.189999580383299
2022-06-06,-0.029999732971193183,13085700.0,-0.11999988555908381,-0.07999992370605469,0.019999504089353692
2022-06-07,-0.32000064849853516,23888200.0,-0.22999954223632812,-0.35000038146972656,-0.1999998092651385
2022-06-08,0.030000686645507812,13145200.0,-0.03999996185302912,-0.06999969482421875,-0.28999996185302557
2022-06-09,-0.15000057220458984,18417700.0,-0.10000038146972301,0.029999732971193183,0.09999942779541016
2022-06-10,-0.01999950408935547,29186500.0,-0.15999984741211293,-0.29999923706054865,-0.17999935150146484
2022-06-13,-0.26000022888183416,23595500.0,-0.10999965667724432,-0.0800008773803711,-0.1100006103515625
2022-06-14,-0.1800003051757848,17505300.0,-0.1900005340576172,-0.19999980926513672,-0.10999965667724432
2022-06-15,-0.08999919891357244,28421400.0,-0.019999504089353692,0.020000457763671875,0.020000457763671875
2022-06-17,-0.030000686645507812,38950600.0,-0.22000026702881037,-0.19999980926513672,-0.47000026702881037
2022-06-20,0.020000457763671875,13366700.0,0.11999988555908203,0.06999969482421875,0.1099996566772461
2022-06-21,0.11999988555908025,19966600.0,0.06000041961669922,0.05999946594238281,0.0900001525878924
2022-06-22,0.13000011444091975,16963200.0,0.07999992370605469,0.12000083923339844,0.10000038146972301
2022-06-23,0.029999732971193183,17466700.0,-0.010000228881835938,0.18999958038330078,0.17000007629394887
2022-06-24,0.3400001525878871,25329300.0,0.3900003433227539,0.07999992370605646,0.04999923706054332
2022-06-27,0.05000019073486506,16111400.0,0.07999992370605646,0.31000041961669744,0.32999992370605646
2022-06-28,-0.19999980926513672,24086500.0,-0.03999996185302912,-0.26000022888183594,-0.01999950408935547
2022-06-29,0.08999919891357422,27461600.0,-0.1100006103515625,-0.02999973297118963,-0.21000003814697266
2022-06-30,-0.21000003814697443,22872000.0,-0.15999984741210938,0.0,-0.13000011444091797
2022-07-01,0.3600006103515643,17714200.0,0.26000022888183594,-0.05000019073486506,-0.019999504089353692
2022-07-04,-0.07999992370605646,7157000.0,0.010000228881835938,0.3099994659423828,0.36999988555908025
2022-07-05,0.40999984741211115,26056900.0,0.3299999237060547,-0.08999919891357422,-0.10000038146972656
2022-07-06,0.1399993896484375,21918400.0,0.25,0.5,0.4400005340576172
2022-07-07,0.0,19019700.0,-0.010000228881835938,-0.020000457763671875,0.2899999618530291
2022-07-08,0.0800008773803711,13974800.0,-0.020000457763671875,0.11999988555908203,-0.11000061035156428
2022-07-11,-0.21000003814697088,11484300.0,-0.01999950408935547,-0.09000015258789062,-0.029999732971191406
2022-07-12,-0.310000419616701,50374400.0,-0.23000049591064453,-0.5,-0.10000038146972656
2022-07-13,0.7799997329711932,53045500.0,0.5600004196166974,0.2700004577636719,-0.3099994659423828
2022-07-14,0.2700004577636701,42313700.0,0.2899999618530291,0.5699996948242188,0.5799999237060547
2022-07-15,-0.25,25341500.0,-0.07999992370605469,0.1999998092651385,0.43000030517578125
2022-07-18,-0.10000038146972656,16582000.0,-0.15999984741210938,-0.15999984741211115,-0.21000003814697088
2022-07-19,-0.010000228881835938,21362100.0,0.039999961853027344,0.010000228881834161,-0.11000061035156428
2022-07-20,-0.17999935150146484,48699500.0,-0.19999980926513672,-0.31000041961669744,-0.07999992370605469
2022-07-21,0.26000022888183594,25407300.0,0.029999732971191406,0.07000064849853338,-0.1700000762939453
2022-07-22,-0.05000019073486328,22205400.0,0.029999732971191406,0.17999935150146662,0.3000001907348633
2022-07-25,0.17000007629394354,14348000.0,0.15999984741210938,0.09000015258789062,-0.010000228881835938
2022-07-26,0.13999938964844105,27532200.0,0.10000038146972656,0.10000038146972656,0.15999984741210938
2022-07-27,0.1599998474121076,37333600.0,0.22000026702881037,0.09999942779540838,0.16000080108642756
2022-07-28,0.12000083923340021,70122600.0,0.6999998092651349,0.07999992370605646,0.5899991989135724
2022-07-29,-0.17000007629394887,40541400.0,-0.5700006484985352,0.10000038146972834,-0.3099994659423828
2022-08-01,-0.3000001907348615,34565900.0,-0.3399991989135742,-0.399999618530277,-0.2700004577636719
2022-08-02,0.07999992370605469,12515800.0,-0.10000038146972656,0.07999992370605646,-0.2999992370605469
2022-08-03,-0.07999992370605469,19576600.0,0.029999732971193183,-0.11000061035156428,0.1699991226196289
2022-08-04,0.050000190734861505,22962500.0,-0.019999504089357245,0.0,0.020000457763671875
2022-08-05,-0.07999992370605113,20809900.0,0.1399993896484375,0.17000007629394887,-0.020000457763671875
2022-08-08,0.19999980926513494,16864800.0,-0.11999988555908025,-0.05999946594238459,-0.04999923706054865
2022-08-09,-0.06000041961669922,13704000.0,0.050000190734861505,0.1099996566772461,0.15999984741211115
2022-08-10,0.4200000762939453,19048300.0,0.31999969482421875,0.13000011444091797,0.1099996566772461
2022-08-11,-0.029999732971191406,11619800.0,0.12000083923339844,0.3100004196166992,0.3600006103515625
2022-08-12,0.07999992370605469,17954400.0,0.049999237060546875,0.019999504089357245,-0.05000019073486328
2022-08-15,0.21000003814697088,21276600.0,0.1400003433227539,-0.019999504089357245,-0.13000011444091797
2022-08-16,0.07999992370605646,16447100.0,0.1099996566772461,0.26999950408935725,0.3099994659423828
2022-08-17,0.05000019073486328,27664000.0,0.020000457763671875,0.020000457763671875,0.020000457763671875
2022-08-18,0.4499998092651367,34709400.0,0.3900003433227539,0.2399997711181623,0.19999980926513672
2022-08-19,-0.3400001525878906,38987700.0,0.1999988555908203,-0.05000019073486328,0.23000049591064453
2022-08-22,-0.23999977111816584,18162300.0,-0.4499988555908203,-0.19999980926513672,-0.18000030517578125
2022-08-23,0.019999504089357245,14311100.0,-0.25,-0.05000019073486328,-0.3599996566772443
2022-08-24,0.3600006103515625,18054400.0,0.36999988555908203,0.14000034332275213,0.08999919891357244
2022-08-25,0.019999504089357245,10482600.0,0.18999958038330078,0.3199996948242205,0.5100002288818359
2022-08-26,-0.149999618530277,12927600.0,-0.18000030517578303,-0.1400003433227539,-0.05999946594238281
2022-08-29,-0.06000041961669744,9512400.0,-0.21000003814697088,-0.09999942779541016,-0.24000072479248225
2022-08-30,-0.2199993133544922,15374700.0,0.039999961853027344,-0.25,0.05000019073486506
2022-08-31,-0.11999988555908203,22741700.0,-0.1099996566772461,0.010000228881835938,-0.2799997329711932
2022-09-01,0.0,20986545.47675907,-0.00597561978319483,0.29622657368791927,0.20200953897645313
2022-09-02,0.0,21694339.644488025,0.0004996733244944096,-0.13061425571015484,0.24418889390182663
2022-09-03,0.0,22689111.05851219,0.0036086705180178313,-0.07022343166725697,0.0
2022-09-04,0.0,22682014.910659622,0.005078699914959017,-0.21045058252808246,0.0
2022-09-05,0.0,24205193.80423507,0.005751049905537542,0.050317691872326265,0.0
2022-09-06,0.0,24576304.2011152,0.006035462839088623,0.33147563707839467,0.0
2022-09-07,0.0,26143582.85411445,0.006131496425698657,-0.10279218124553147,0.0
2022-09-08,0.0,26322204.36824951,0.00613633792880286,-0.05149105433074652,0.0
2022-09-09,0.0,27740656.07357527,0.006097315126421421,-0.20006078172041342,0.0
2022-09-10,0.0,27796372.49401312,0.006037471802770256,0.0533622791373638,0.0
2022-09-11,0.0,28833337.05810916,0.005968024304433328,0.32908547221058093,0.0
2022-09-12,0.0,28912603.4541213,0.005894428511721728,-0.1077750737848664,0.0
2022-09-13,0.0,30107120.998650003,0.005819334759216588,-0.057921604916593594,0.0
2022-09-14,0.0,30329236.01479648,0.005744027030276655,-0.2063564340894235,0.0
2022-09-15,0.0,31638728.39107208,0.005669123916273833,0.04761137784297986,0.0
2022-09-16,0.0,32182801.549934857,0.005594920018047844,0.32433412689153407,0.0
2022-09-17,0.0,33493340.778942388,0.005521552224475812,-0.11052215964415701,0.0
2022-09-18,0.0,33933021.2598951,0.005449080697379927,-0.05936025556394142,0.0
2022-09-19,0.0,35150635.18209747,0.005377528314181035,-0.20650105351241876,0.0
2022-09-20,0.0,35519457.79322822,0.00530689987725097,0.04795291219593878,0.0
2022-09-21,0.0,36502730.3293966,0.005237191468866698,0.32481434629642614,0.0
2022-09-22,0.0,36890655.911877386,0.005168395006293736,-0.10931697174785526,0.0
2022-09-23,0.0,37976298.46875591,0.00510050045939181,-0.05823025571075391,0.0
2022-09-24,0.0,38457538.88797757,0.005033496929563341,-0.20534409550778854,0.0
2022-09-25,0.0,39619068.326774806,0.0049673731742352345,0.04857819026388377,0.0
2022-09-26,0.0,40305305.38137286,0.004902117861245614,0.3248632653133683,0.0
2022-09-27,0.0,41471676.048321806,0.004837719691748177,-0.10896128475046041,0.0
2022-09-28,0.0,42096994.965266414,0.004774167459041578,-0.05811278331541203,0.0
2022-09-29,0.0,43209598.735019095,0.004711450076230861,-0.20517174357627432,0.0
2022-09-30,0.0,43794914.32480294,0.004649556588715242,0.048370764494643836,0.0
