index_date,close,volume
2015-01-02,0.0,49559500.0
2015-01-05,-0.7999992370605469,78385100.0
2015-01-06,-0.2800006866455078,84723300.0
2015-01-07,0.3900003433227539,85531000.0
2015-01-08,0.5599994659423828,83306300.0
2015-01-09,0.2800006866455078,50813100.0
2015-01-12,-0.6700000762939453,58728900.0
2015-01-13,0.25,65834800.0
2015-01-14,-0.18000030517578125,55736500.0
2015-01-15,0.40000057220458984,80907800.0
2015-01-16,0.12999916076660156,56978300.0
2015-01-19,-0.26999950408935725,30873100.0
2015-01-20,0.14000034332275568,72842900.0
2015-01-21,0.5899991989135724,48003500.0
2015-01-22,0.32999992370605646,74782400.0
2015-01-23,-0.25,43659400.0
2015-01-26,-0.14999961853027166,33202100.0
2015-01-27,0.31000041961669744,58750400.0
2015-01-28,-1.0300006866455078,106337900.0
2015-01-29,-0.4399995803833008,111506300.0
2015-01-30,-0.36999988555908203,87497200.0
2015-02-02,0.48999977111816406,57585100.0
2015-02-03,1.1800003051757812,98061700.0
2015-02-04,0.05000019073486328,117595000.0
2015-02-05,-0.1900005340576154,78992700.0
2015-02-06,-0.7100000381469744,117747100.0
2015-02-09,0.27999973297118963,72534200.0
2015-02-10,-0.4899997711181623,75478700.0
2015-02-11,0.1700000762939471,48681100.0
2015-02-12,0.36999988555908025,61706000.0
2015-02-13,0.5799999237060547,72282500.0
2015-02-18,0.010000228881835938,42896700.0
2015-02-19,-0.3299999237060547,38492400.0
2015-02-20,-0.06999969482421875,35272700.0
2015-02-23,-0.1400003433227539,41168500.0
2015-02-24,0.39999961853027166,48578000.0
2015-02-25,-0.5,96303900.0
2015-02-26,-0.17000007629394354,44179900.0
2015-02-27,0.32000064849853516,46969600.0
2015-03-02,-0.13000011444091975,38009000.0
2015-03-03,0.149999618530277,42133600.0
2015-03-04,-0.29999923706054865,48308500.0
2015-03-05,-0.030000686645507812,52913800.0
2015-03-06,0.010000228881835938,27181900.0
2015-03-09,-0.3299999237060547,37625700.0
2015-03-10,-0.39999961853027344,72090500.0
2015-03-11,0.2199993133544922,44035300.0
2015-03-12,-0.26999950408935547,63029900.0
2015-03-13,-0.13000011444091797,72933500.0
2015-03-16,0.05000019073486328,53380500.0
2015-03-17,0.4699993133544922,63896300.0
2015-03-18,0.3400001525878906,65324600.0
2015-03-19,-0.2799997329711914,42857200.0
2015-03-20,0.3000001907348633,65339300.0
2015-03-23,0.10999965667724787,34124600.0
2015-03-24,0.09000015258788707,36392400.0
2015-03-25,0.38000011444091975,84659600.0
2015-03-26,-0.4700002670288068,58862000.0
2015-03-27,0.02999973297118963,51152500.0
2015-03-30,0.35000038146972656,33372200.0
2015-03-31,-0.05000019073486328,46908300.0
2015-04-01,0.6000003814697266,59374600.0
2015-04-02,0.42999935150146484,69001800.0
2015-04-06,0.020000457763671875,45227600.0
2015-04-07,0.21000003814697088,61721500.0
2015-04-08,-0.350000381469723,73904600.0
2015-04-09,1.010000228881836,79280800.0
2015-04-10,0.23000049591064275,70021600.0
2015-04-13,0.46000003814697266,104809600.0
2015-04-14,0.18999958038330078,87127100.0
2015-04-15,0.880000114440918,103042800.0
2015-04-16,-0.3600006103515625,109852700.0
2015-04-17,-0.029999732971191406,71274400.0
2015-04-20,0.11999988555908381,52514600.0
2015-04-22,-0.06999969482422053,65914800.0
2015-04-23,-0.13000011444091797,182613700.0
2015-04-24,0.35000038146972656,106143700.0
2015-04-27,-0.6999998092651367,53111300.0
2015-04-28,0.25,60884300.0
2015-04-29,0.04999923706054865,35821900.0
2015-04-30,0.2400007247924787,48515300.0
2015-05-04,0.7299995422363281,55651100.0
2015-05-05,0.6400003433227521,76329800.0
2015-05-06,-0.6400003433227521,72197500.0
2015-05-07,-0.13000011444091797,44978900.0
2015-05-08,-0.14999961853027344,43687900.0
2015-05-11,0.26000022888183594,28040500.0
2015-05-12,-0.04000091552734375,30765100.0
2015-05-13,0.25,45346800.0
2015-05-14,-0.07999992370605646,49457700.0
2015-05-15,0.14000034332275568,54224100.0
2015-05-18,-0.3400001525878906,82200400.0
2015-05-19,-0.8099994659423828,70521100.0
2015-05-20,-0.05000019073486328,43164900.0
2015-05-21,0.6399993896484375,53682900.0
2015-05-22,-0.4099998474121076,53753700.0
2015-05-25,-0.23999977111816406,24377600.0
2015-05-26,-0.43999958038330256,44844200.0
2015-05-27,0.14999961853027344,47223300.0
2015-05-28,0.10999965667724432,96419400.0
2015-05-29,-0.3199996948242152,75971600.0
2015-06-01,0.02999973297118963,40498000.0
2015-06-02,0.5200004577636719,47041600.0
2015-06-03,-0.09000015258789062,90062100.0
2015-06-05,-0.22000026702880682,36719100.0
2015-06-08,0.0,23667600.0
2015-06-09,0.4300003051757795,88228800.0
2015-06-10,0.07999992370605646,45583600.0
2015-06-11,0.020000457763671875,35341600.0
2015-06-12,-0.07999992370605646,30067700.0
2015-06-15,-0.010000228881835938,31713200.0
2015-06-16,0.36999988555908203,49988000.0
2015-06-17,-0.23999977111816406,40920200.0
2015-06-18,0.3099994659423828,26832100.0
2015-06-19,-0.30000019073486506,36247800.0
2015-06-22,0.020000457763671875,22567300.0
2015-06-23,-0.19999980926513494,48007400.0
2015-06-24,0.25,39613200.0
2015-06-25,-0.6199998855590803,48369000.0
2015-06-26,0.6099996566772443,34536800.0
2015-06-29,-0.3599996566772443,63175500.0
2015-06-30,-0.16000080108642756,32876500.0
2015-07-01,-0.5299997329711914,62627200.0
2015-07-02,0.19000053405761896,37421500.0
2015-07-03,-0.5900001525878924,31574500.0
2015-07-06,-0.25,51206800.0
2015-07-07,0.26000022888183594,72452800.0
2015-07-08,-0.3100004196166992,44001500.0
2015-07-10,0.35000038146972656,30885900.0
2015-07-13,-0.020000457763671875,29585400.0
2015-07-14,0.19999980926513672,37058500.0
2015-07-15,-0.21000003814697266,33375100.0
2015-07-16,0.21000003814697266,26442500.0
2015-07-17,-0.5799999237060547,39929900.0
2015-07-20,-0.619999885559082,48763200.0
2015-07-21,-0.06000041961669922,40357600.0
2015-07-22,-0.36999988555908203,30155200.0
2015-07-23,-0.23999977111816406,50696500.0
2015-07-24,-0.09000015258789062,45143700.0
2015-07-27,-0.5299997329711914,54768800.0
2015-07-28,0.5200004577636719,72306100.0
2015-07-29,0.6799993515014648,88194700.0
2015-07-30,-0.2799997329711932,47498400.0
2015-07-31,0.06999969482422053,37462200.0
2015-08-03,-0.46000003814697266,41499600.0
2015-08-04,0.13000011444091797,30786900.0
2015-08-05,-0.14999961853027344,43759700.0
2015-08-06,0.3299999237060547,60293400.0
2015-08-07,-0.6500005722045898,65832700.0
2015-08-10,0.3000001907348633,51017800.0
2015-08-11,-0.010000228881835938,45648700.0
2015-08-12,-0.1599998474121076,40039100.0
2015-08-13,-0.3199996948242205,31405700.0
2015-08-14,-0.19999980926513672,28018600.0
2015-08-17,-0.15000057220459162,33125100.0
2015-08-18,-0.1599998474121076,38013600.0
2015-08-19,-0.25,37036000.0
2015-08-20,-0.05000019073486328,38857700.0
2015-08-21,-0.3899993896484375,39848800.0
2015-08-24,-0.4100003242492676,70881000.0
2015-08-25,-0.039999961853027344,58283200.0
2015-08-26,0.2800002098083496,43893300.0
2015-08-27,0.7899999618530273,66820200.0
2015-08-28,0.10000038146972656,77260900.0
2015-08-31,0.1699991226196289,76576400.0
2015-09-01,-0.5999994277954102,52756400.0
2015-09-02,0.22999954223632812,56050600.0
2015-09-03,-0.05999946594238281,56645400.0
2015-09-04,-0.25,35463400.0
2015-09-08,0.13000011444091797,29383000.0
2015-09-09,-0.25,38706300.0
2015-09-10,-0.4200005531311035,62858700.0
2015-09-11,-0.309999942779541,53647300.0
2015-09-14,0.059999942779541016,52851400.0
2015-09-15,-0.06999969482421875,35102900.0
2015-09-16,0.49000024795532227,66613400.0
2015-09-17,-0.2800002098083496,72887600.0
2015-09-18,-0.26000022888183594,68097000.0
2015-09-21,-0.2999997138977051,41063600.0
2015-09-22,-0.3300004005432129,66720700.0
2015-09-23,-0.14999961853027344,64774800.0
2015-09-24,0.1399998664855957,56577300.0
2015-09-25,-0.1399998664855957,44843100.0
2015-09-28,-0.38000011444091797,37466900.0
2015-09-29,0.15000009536743164,52387600.0
2015-09-30,0.6499996185302734,107779500.0
2015-10-01,-0.2199997901916504,69296500.0
2015-10-02,0.75,88891400.0
2015-10-05,0.05000019073486328,68350300.0
2015-10-06,0.36999940872192383,81259300.0
2015-10-07,0.2800006866455078,116610600.0
2015-10-08,0.2799997329711914,68670000.0
2015-10-09,0.05000019073486328,71885200.0
2015-10-13,-0.6700000762939453,56100600.0
2015-10-14,-0.1700000762939453,75339100.0
2015-10-15,0.039999961853027344,61444100.0
2015-10-16,-0.05000019073486328,42963800.0
2015-10-19,0.0,40096200.0
2015-10-20,0.10000038146972656,47938700.0
2015-10-21,-0.3000001907348633,45394400.0
2015-10-22,0.2700004577636719,46174500.0
2015-10-23,-0.030000686645507812,45715300.0
2015-10-26,-0.1399998664855957,35069500.0
2015-10-27,-0.25,44085700.0
2015-10-28,0.34999990463256836,4630900.0
2015-10-29,-0.3399996757507324,41336300.0
2015-10-30,0.09999990463256836,36951300.0
2015-11-03,0.7699995040893555,60306200.0
2015-11-04,-0.39999961853027344,55661500.0
2015-11-05,0.029999732971191406,92690300.0
2015-11-06,-0.28999948501586914,39680600.0
2015-11-09,0.08999967575073242,36340400.0
2015-11-10,-0.2999997138977051,34554300.0
2015-11-11,0.1099996566772461,44596400.0
2015-11-12,-0.1399998664855957,41641400.0
2015-11-13,-0.309999942779541,67000600.0
2015-11-16,0.42999982833862305,56587800.0
2015-11-17,0.06000041961669922,52072800.0
2015-11-18,0.059999942779541016,38137700.0
2015-11-19,0.019999980926513672,51878600.0
2015-11-23,0.23999977111816406,47415800.0
2015-11-24,0.4200000762939453,63001700.0
2015-11-25,-0.5999999046325684,54732800.0
2015-11-26,0.019999980926513672,21697100.0
2015-11-27,-0.32000017166137695,38334200.0
2015-11-30,0.07000017166137695,72764300.0
2015-12-01,-0.18000030517578125,35865600.0
2015-12-02,0.03000020980834961,47713500.0
2015-12-03,0.46000003814697266,76680900.0
2015-12-04,-0.46000003814697266,63662600.0
2015-12-07,-0.3299999237060547,47395000.0
2015-12-08,-0.059999942779541016,46590500.0
2015-12-09,0.5199999809265137,82102800.0
2015-12-10,-0.20000028610229492,43458400.0
2015-12-11,-0.19999980926513672,50750600.0
2015-12-14,-0.039999961853027344,33538000.0
2015-12-15,0.21000003814697266,34188900.0
2015-12-16,-0.13000011444091797,39840300.0
2015-12-17,-0.09000015258789062,43789300.0
2015-12-18,-0.17999982833862305,60061600.0
2015-12-21,-0.38000011444091797,54032100.0
2015-12-22,0.15000009536743164,40463400.0
2015-12-23,0.1399998664855957,38789700.0
2015-12-28,-0.23000001907348633,28617600.0
2015-12-29,-0.009999752044677734,22441300.0
2015-12-30,0.009999752044677734,30041600.0
2016-01-04,0.1700000762939453,45962100.0
2016-01-05,-0.19000005722045898,29446700.0
2016-01-06,-0.2799997329711914,67507200.0
2016-01-07,-0.1399998664855957,57387900.0
2016-01-08,0.009999752044677734,52100300.0
2016-01-11,-0.17999982833862305,51334000.0
2016-01-12,-0.559999942779541,81627800.0
2016-01-13,-0.26000022888183594,70874300.0
2016-01-14,0.4200000762939453,76854200.0
2016-01-15,-0.5199999809265137,75571500.0
2016-01-18,-0.36999988555908203,46407200.0
2016-01-19,-0.1400003433227539,66529300.0
2016-01-20,-0.23000001907348633,92914100.0
2016-01-21,0.07000017166137695,87455300.0
2016-01-22,-0.09000015258789062,100576600.0
2016-01-26,-0.21000003814697266,71933300.0
2016-01-27,0.37000036239624023,79437900.0
2016-01-28,0.029999732971191406,131960900.0
2016-01-29,0.24000024795532227,93013900.0
2016-02-01,-0.12000036239624023,51910300.0
2016-02-02,-0.4199995994567871,53610300.0
2016-02-03,0.18999958038330078,73786400.0
2016-02-04,0.24000024795532227,91974200.0
2016-02-05,-0.19000005722045898,52704500.0
2016-02-10,-0.23000001907348633,45747400.0
2016-02-11,-0.07999992370605469,59451500.0
2016-02-12,0.2199997901916504,64027200.0
2016-02-15,0.12000036239624023,28490400.0
2016-02-16,-0.13000011444091797,80343900.0
2016-02-17,0.23999977111816406,84473100.0
2016-02-18,-0.08999967575073242,65026900.0
2016-02-19,-0.13000011444091797,56031000.0
2016-02-22,0.5799999237060547,80150300.0
2016-02-23,-0.11999988555908203,85037400.0
2016-02-24,-0.05000019073486328,75039700.0
2016-02-25,0.019999980926513672,70393700.0
2016-02-26,-0.019999980926513672,61396800.0
2016-02-29,0.26999998092651367,84165000.0
2016-03-01,0.1700000762939453,80939200.0
2016-03-02,0.3400001525878906,88545800.0
2016-03-03,0.9200000762939453,186772500.0
2016-03-04,0.6499996185302734,175922100.0
2016-03-07,0.15000009536743164,85041400.0
2016-03-08,0.09999990463256836,137169400.0
2016-03-09,0.13000011444091797,84821900.0
2016-03-10,0.34999990463256836,117672300.0
2016-03-11,0.1400003433227539,92331300.0
2016-03-14,-0.690000057220459,86084700.0
2016-03-15,-0.7899999618530273,104913200.0
2016-03-16,0.619999885559082,85533000.0
2016-03-17,0.8700003623962402,118294200.0
2016-03-18,0.01999950408935547,77182400.0
2016-03-21,-0.05999946594238281,65837300.0
2016-03-22,0.049999237060546875,84549700.0
2016-03-23,-0.3299994468688965,61437900.0
2016-03-24,0.029999732971191406,52343300.0
2016-03-28,0.6299996376037598,69818700.0
2016-03-29,0.05000019073486328,89050200.0
2016-03-30,-0.05000019073486328,90059600.0
2016-03-31,-0.12999916076660156,737700.0
2016-04-01,0.049999237060546875,374500.0
2016-04-04,-0.8199996948242188,865300.0
2016-04-05,0.26000022888183594,684100.0
2016-04-06,-0.2200002670288086,457400.0
2016-04-07,0.11999988555908203,324800.0
2016-04-08,0.5600004196166992,84448200.0
2016-04-11,0.13000011444091797,449600.0
2016-04-12,0.6499996185302734,648900.0
2016-04-13,0.4499998092651367,782300.0
2016-04-14,-0.3299999237060547,77355500.0
2016-04-15,0.5299997329711914,95590000.0
2016-04-18,-0.4499998092651367,88873100.0
2016-04-19,0.36999988555908203,370500.0
2016-04-20,-0.13000011444091797,53295800.0
2016-04-22,0.2700004577636719,63322900.0
2016-04-25,-0.42000007629394354,56585400.0
2016-04-26,0.3400001525878871,40460400.0
2016-04-27,0.5799999237060565,86397900.0
2016-04-28,-0.020000457763671875,57741500.0
2016-04-29,0.0,53931300.0
2016-05-02,-0.05999946594238459,48618800.0
2016-05-03,-0.39000034332275213,47074700.0
2016-05-04,0.14000034332275213,43389500.0
2016-05-05,-0.10999965667724432,65074500.0
2016-05-06,0.26999950408935725,45330900.0
2016-05-09,-0.6000003814697283,94688100.0
2016-05-10,0.7300004959106445,53055800.0
2016-05-11,0.039999961853027344,74542300.0
2016-05-12,-0.46000003814697266,67229100.0
2016-05-13,-0.3299999237060547,70472200.0
2016-05-16,0.28999996185302734,61487700.0
2016-05-17,-0.25,46379500.0
2016-05-18,-0.18000030517577947,51929100.0
2016-05-19,-0.35999965667724787,75430200.0
2016-05-20,-0.06000041961669922,65173100.0
2016-05-23,-0.39999961853027344,51330000.0
2016-05-24,0.029999732971191406,44823400.0
2016-05-25,0.1400003433227539,45512600.0
2016-05-27,-0.4400005340576172,47488600.0
2016-05-30,0.15000057220458984,32281900.0
2016-05-31,-0.3400001525878906,58662600.0
2016-06-01,0.1400003433227539,45884400.0
2016-06-02,0.1399993896484375,52835100.0
2016-06-03,0.25,45595300.0
2016-06-06,-0.1099996566772461,37117600.0
2016-06-07,0.15999984741210938,34401600.0
2016-06-08,0.7700004577636719,77194700.0
2016-06-09,-0.21000003814697443,46539900.0
2016-06-10,-0.40000057220458807,38859900.0
2016-06-13,-0.15999984741210938,37094100.0
2016-06-14,-0.31999969482421875,66180300.0
2016-06-15,0.21000003814697266,84556900.0
2016-06-16,-0.010000228881835938,46834500.0
2016-06-17,0.4499998092651367,63144100.0
2016-06-20,0.23000049591064275,63791500.0
2016-06-21,0.34999942779541193,53703900.0
2016-06-22,-0.18999958038330078,61983000.0
2016-06-23,0.3299999237060529,48031300.0
2016-06-24,-0.42000007629394354,75974900.0
2016-06-27,-0.4700002670288086,58818400.0
2016-06-28,0.4200000762939453,45291700.0
2016-06-29,0.3000001907348633,56093600.0
2016-06-30,-0.07999992370605646,43741300.0
2016-07-01,0.399999618530277,49290800.0
2016-07-04,0.050000190734861505,24505100.0
2016-07-05,-0.5799999237060547,69691200.0
2016-07-06,0.21000003814697266,68781500.0
2016-07-07,0.06000041961669922,81610300.0
2016-07-08,0.2799997329711914,42647600.0
2016-07-11,0.5199995040893555,66717300.0
2016-07-12,0.28999996185302557,58174200.0
2016-07-13,-0.019999504089353692,64252100.0
2016-07-14,0.3000001907348615,53059500.0
2016-07-15,0.0900001525878924,51223500.0
2016-07-18,0.5299997329711914,77358900.0
2016-07-19,0.22999954223632812,53692000.0
2016-07-20,0.03999996185302912,49261200.0
2016-07-21,0.030000686645507812,37748600.0
2016-07-22,0.08999919891357244,33938400.0
2016-07-25,0.09000015258789062,47192000.0
2016-07-26,-0.14999961853027344,38304800.0
2016-07-27,-0.36999988555908203,51952100.0
2016-07-28,-0.07000064849853516,40663100.0
2016-07-29,0.43000030517578125,60740000.0
2016-08-01,-0.619999885559082,52012300.0
2016-08-02,0.1099996566772461,49134600.0
2016-08-03,0.5399999618530256,55695500.0
2016-08-04,0.11000061035156428,63207500.0
2016-08-05,-0.3600006103515643,54225900.0
2016-08-08,0.2600002288818377,41552000.0
2016-08-09,-0.029999732971191406,33596200.0
2016-08-10,-0.31999969482421875,41638400.0
2016-08-11,0.5399999618530291,55881500.0
2016-08-12,-0.10000038146972834,71281300.0
2016-08-15,0.3100004196166992,53568000.0
2016-08-16,0.17999935150146484,48218700.0
2016-08-17,0.2700004577636719,46809100.0
2016-08-18,0.11999988555908203,44941100.0
2016-08-19,-0.09000015258789062,33360000.0
2016-08-22,-0.439999580383299,43258900.0
2016-08-23,0.3199996948242152,61048000.0
2016-08-24,-0.2700004577636719,44694700.0
2016-08-25,0.13000011444091975,40290500.0
2016-08-26,0.020000457763671875,50650500.0
2016-08-29,0.31999969482421875,36990100.0
2016-08-30,0.2200002670288086,51893700.0
2016-08-31,-0.2399997711181623,61016100.0
2016-09-01,0.14999961853027166,45370000.0
2016-09-02,0.5699996948242205,57017000.0
2016-09-05,0.26000022888183594,26292200.0
2016-09-06,0.14999961853027166,42086900.0
2016-09-08,0.24000072479248047,42797300.0
2016-09-09,-0.7100000381469727,43155300.0
2016-09-12,0.4399995803833008,44141000.0
2016-09-13,-0.9399995803833008,64134000.0
2016-09-14,0.09999942779541016,43932500.0
2016-09-15,0.40000057220458984,42169100.0
2016-09-16,-0.35000038146972656,44651900.0
2016-09-19,-0.1099996566772461,51105500.0
2016-09-20,0.4499998092651367,52063100.0
2016-09-21,0.15999984741210938,61094100.0
2016-09-22,0.3400001525878906,47574500.0
2016-09-23,-0.3100004196166992,53264300.0
2016-09-26,-0.2899999618530291,35545800.0
2016-09-27,-0.27999973297118963,58098200.0
2016-09-28,0.7300004959106463,69032100.0
2016-09-29,-0.42000007629394887,53143200.0
2016-09-30,0.13999938964844105,39275000.0
2016-10-03,0.40000057220458807,34444500.0
2016-10-04,0.05000019073486328,39717400.0
2016-10-05,0.5599994659423846,65242200.0
2016-10-06,0.5200004577636719,77003800.0
2016-10-07,0.1599998474121076,71691000.0
2016-10-10,0.4699993133544922,38724300.0
2016-10-11,-0.3399991989135742,69314500.0
2016-10-13,0.36999988555908203,58212500.0
2016-10-14,0.5,66150000.0
2016-10-17,0.6399993896484375,75002000.0
2016-10-18,0.5200004577636719,76995000.0
2016-10-19,0.20000076293945312,65212400.0
2016-10-20,0.11999893188476562,62901500.0
2016-10-21,0.21000099182128906,47961800.0
2016-10-24,0.25,51678900.0
2016-10-25,-0.20000076293945312,57674100.0
2016-10-26,0.10000038146972656,51424400.0
2016-10-27,-0.010000228881835938,43645900.0
2016-10-28,0.0,37689700.0
2016-10-31,-0.39999961853027344,42059100.0
2016-11-01,-0.8299999237060547,68718800.0
2016-11-03,-0.7300014495849609,56998700.0
2016-11-04,-0.1399993896484375,61347700.0
2016-11-07,1.2199993133544922,51625300.0
2016-11-08,-0.1699981689453125,56241000.0
2016-11-09,-0.3900012969970703,111417100.0
2016-11-10,-1.1499996185302734,94683900.0
2016-11-11,-1.489999771118164,129811400.0
2016-11-14,-0.010000228881835938,86623000.0
2016-11-16,0.7399997711181641,77406600.0
2016-11-17,-0.4499998092651367,51535300.0
2016-11-18,0.23000049591064453,55041300.0
2016-11-21,1.0599994659423846,59122000.0
2016-11-22,0.350000381469723,58636100.0
2016-11-23,-0.07999992370605113,42490100.0
2016-11-24,-0.2700004577636719,14725000.0
2016-11-25,-0.2799997329711932,47630600.0
2016-11-28,0.15999984741210938,38747500.0
2016-11-29,-0.8000001907348633,54075900.0
2016-11-30,1.3400001525878906,82547300.0
2016-12-01,-0.5600004196166992,66775400.0
2016-12-02,0.3900003433227557,58381500.0
2016-12-05,-0.1700000762939471,47586500.0
2016-12-06,0.48999977111816406,63916700.0
2016-12-07,-0.28999996185302734,50247400.0
2016-12-08,-0.15999984741210938,41104800.0
2016-12-09,-0.11999988555908025,37161200.0
2016-12-12,0.020000457763671875,35436700.0
2016-12-13,-0.15000057220459162,33455000.0
2016-12-14,-0.7100000381469727,44215700.0
2016-12-15,0.11000061035156428,43338800.0
2016-12-16,-0.0900001525878924,37876200.0
2016-12-19,-0.40000057220458984,39128600.0
2016-12-20,-0.009999275207517755,31810000.0
2016-12-21,-0.010000228881837714,32856800.0
2016-12-22,-0.3299999237060547,42240500.0
2016-12-23,0.22999954223632812,21776900.0
2016-12-26,0.18000030517577947,5734300.0
2016-12-27,-0.010000228881834161,14949200.0
2016-12-28,0.36999988555908203,18979900.0
2016-12-29,0.09000015258789062,18090600.0
2017-01-02,-0.21000003814697266,7525700.0
2017-01-03,0.8400001525878906,39947800.0
2017-01-04,0.0,37071700.0
2017-01-05,0.25,47586300.0
2017-01-06,-0.09000015258789062,25592000.0
2017-01-09,-0.3299999237060529,25599000.0
2017-01-10,0.14999961853027166,26239900.0
2017-01-11,0.18000030517578125,34399300.0
2017-01-12,0.2399997711181623,49890300.0
2017-01-13,-0.2199993133544922,34450000.0
2017-01-16,0.06999969482422053,20069600.0
2017-01-17,0.06999969482422053,28663300.0
2017-01-18,-0.029999732971193183,24725200.0
2017-01-19,-0.01999950408935547,21677600.0
2017-01-20,0.22999954223632812,34863500.0
2017-01-23,-0.010000228881835938,25139100.0
2017-01-24,0.05000114440917969,49710600.0
2017-01-26,-0.24000072479248047,37391900.0
2017-01-27,-0.18000030517578125,23275300.0
2017-01-30,-0.7799997329711914,26779500.0
2017-01-31,0.18000030517578125,30807200.0
2017-02-01,0.0,35977000.0
2017-02-02,-0.13000011444091797,39306700.0
2017-02-03,0.4499998092651367,40213400.0
2017-02-06,-0.38000011444091797,29686500.0
2017-02-07,-0.26000022888183594,29163900.0
2017-02-08,0.4000005722045916,58912900.0
2017-02-09,-0.05000019073486506,33910300.0
2017-02-10,0.5299997329711932,44467000.0
2017-02-13,0.03999996185302557,36439100.0
2017-02-14,0.1999998092651385,34417400.0
2017-02-15,0.0200004577636701,47953300.0
2017-02-16,0.01999950408935547,37276900.0
2017-02-17,-0.25,24866600.0
2017-02-20,0.31000041961669744,33514000.0
2017-02-21,0.1700000762939471,33685800.0
2017-02-22,-0.3900003433227539,45255400.0
2017-02-23,-0.1399993896484375,41208700.0
2017-02-24,-0.38000011444091975,30412200.0
2017-03-01,0.3400001525878924,25661000.0
2017-03-02,-0.4100008010864258,38490800.0
2017-03-03,0.21000003814697443,24516800.0
2017-03-06,-0.2199993133544922,23325000.0
2017-03-07,0.07999992370605113,30927300.0
2017-03-08,-0.6300001144409162,49300700.0
2017-03-09,-0.05000019073486328,46467600.0
2017-03-10,-0.18999958038330078,42454600.0
2017-03-13,0.05999946594238281,28295100.0
2017-03-14,-0.7799997329711914,67172700.0
2017-03-15,0.6099996566772461,55593200.0
2017-03-16,-0.48999977111816406,35362300.0
2017-03-17,-0.5500001907348633,81797400.0
2017-03-20,0.44000053405761896,52351600.0
2017-03-21,-0.6000003814697283,46384300.0
2017-03-22,0.6599998474121094,62807700.0
2017-03-23,-0.09000015258788885,36467200.0
2017-03-24,-0.0900001525878924,30084700.0
2017-03-27,0.29000091552734375,32021200.0
2017-03-28,0.17999935150146484,44850600.0
2017-03-29,0.5,43051400.0
2017-03-30,0.0,32928600.0
2017-03-31,0.039999961853027344,33553000.0
2017-04-03,0.18000030517577947,39427200.0
2017-04-04,0.1800003051757848,24132000.0
2017-04-05,-0.2800006866455078,49920900.0
2017-04-06,-0.03999996185302912,34602700.0
2017-04-07,0.1700000762939453,33024900.0
2017-04-10,0.23999977111816406,37906000.0
2017-04-11,-0.2599992752075213,38593200.0
2017-04-12,-0.030000686645507812,42628900.0
2017-04-13,-0.5699996948242152,44572600.0
2017-04-17,0.19999980926513494,46459500.0
2017-04-18,-0.17999935150146307,45349800.0
2017-04-19,-0.5,41014100.0
2017-04-20,0.27999973297118963,28227600.0
2017-04-24,0.14999961853027344,27546200.0
2017-04-25,0.3100004196166992,32268100.0
2017-04-26,-0.3400001525878906,37045000.0
2017-04-27,-0.2700004577636719,29078500.0
2017-04-28,0.24000072479248047,31061200.0
2017-05-02,0.01999950408935547,37830100.0
2017-05-03,0.1700000762939453,38357600.0
2017-05-04,-0.559999465942381,37695400.0
2017-05-05,0.6099996566772443,32788100.0
2017-05-08,-0.1300001144409162,36464300.0
2017-05-09,0.06000041961669744,28008600.0
2017-05-10,0.5899991989135742,46271700.0
2017-05-11,0.0900001525878924,29318000.0
2017-05-12,0.6300001144409162,83518200.0
2017-05-15,0.23000049591064275,46914700.0
2017-05-16,0.019999504089357245,34469300.0
2017-05-17,-0.09000015258789062,30023400.0
2017-05-18,-2.4600000381469744,142924900.0
2017-05-19,0.47000026702881037,70983900.0
2017-05-22,-0.22000026702881037,55014900.0
2017-05-23,0.0900001525878924,48520100.0
2017-05-24,0.5600004196166992,54065800.0
2017-05-25,-0.3100004196166992,45030800.0
2017-05-26,-0.05999946594238459,63326900.0
2017-05-29,0.0,0.0
2017-05-30,-0.3200006484985334,34663800.0
2017-05-31,-0.39999961853027344,45628800.0
2017-06-01,-0.14000034332275213,42873400.0
2017-06-02,0.23000049591064275,43192600.0
2017-06-05,0.1300001144409162,31419400.0
2017-06-06,0.0,35558700.0
2017-06-07,-0.31000041961669744,44355600.0
2017-06-08,-0.029999732971191406,27749200.0
2017-06-09,0.010000228881837714,30382100.0
2017-06-12,0.04999923706054332,30680700.0
2017-06-13,0.03999996185302912,22891000.0
2017-06-14,-0.31999969482421875,67382800.0
2017-06-15,0.0,0.0
2017-06-16,-0.3400001525878906,73551400.0
2017-06-19,0.010000228881835938,45926200.0
2017-06-20,-0.43000030517578125,54014700.0
2017-06-21,-0.2199993133544922,58778300.0
2017-06-22,0.39999961853027344,42284600.0
2017-06-23,-0.10999965667724787,33601000.0
2017-06-26,0.3400001525878924,42731300.0
2017-06-27,-0.06000041961669922,45097600.0
2017-06-28,-0.1300001144409162,32077400.0
2017-06-29,0.10000038146972301,24380300.0
2017-06-30,0.18999958038330256,29687600.0
2017-07-03,-0.010000228881835938,31542500.0
2017-07-04,0.07000064849853338,12523500.0
2017-07-05,-0.22000026702880682,41958400.0
2017-07-06,-0.03999996185302912,51976900.0
2017-07-07,-0.23999977111816406,42677000.0
2017-07-10,0.04999923706054865,21748800.0
2017-07-11,0.35000038146972834,45500900.0
2017-07-12,0.6099996566772443,66332200.0
2017-07-13,-0.06999969482421875,32983300.0
2017-07-14,0.18000030517578125,35977500.0
2017-07-17,-0.15999984741210938,28118700.0
2017-07-18,0.049999237060546875,19300700.0
2017-07-19,0.28999996185302734,36513700.0
2017-07-20,-0.1299991607665998,30114300.0
2017-07-21,-0.41000080108642756,38738300.0
2017-07-24,0.1900005340576172,16250400.0
2017-07-25,0.3400001525878906,29930100.0
2017-07-26,-0.15999984741210938,29333000.0
2017-07-27,-0.06000041961669922,21825900.0
2017-07-28,0.13000011444091797,20980200.0
2017-07-31,0.15999984741210938,31397700.0
2017-08-01,-0.1700000762939453,22999400.0
2017-08-02,0.3900003433227539,46342000.0
2017-08-03,-0.19999980926513672,31300700.0
2017-08-04,0.08999919891357244,21560500.0
2017-08-07,0.15000057220459162,29832200.0
2017-08-08,-0.06000041961669922,28907900.0
2017-08-09,0.030000686645507812,26980300.0
2017-08-10,-0.3300008773803711,56194400.0
2017-08-11,-0.23999977111816406,43025100.0
2017-08-14,0.13000011444091975,31607400.0
2017-08-15,0.0699996948242152,24737300.0
2017-08-16,-0.019999504089353692,44946600.0
2017-08-17,-0.07999992370605469,23503300.0
2017-08-18,0.5500001907348651,66263500.0
2017-08-21,-0.2600002288818377,40485900.0
2017-08-22,0.4499998092651367,55240700.0
2017-08-23,-0.029999732971191406,47679700.0
2017-08-24,0.039999961853027344,32300600.0
2017-08-25,0.07999992370605469,24185600.0
2017-08-28,-0.010000228881835938,27208100.0
2017-08-29,-0.019999504089353692,27306400.0
2017-08-30,-0.4000005722045916,58871700.0
2017-08-31,0.19999980926513494,82909400.0
2017-09-01,0.3700008392334002,60260300.0
2017-09-04,0.14999961853027166,18139300.0
2017-09-05,0.23999977111816584,56476800.0
2017-09-06,0.6100006103515625,68418200.0
2017-09-07,0.0,0.0
2017-09-08,-0.3100004196166992,36337400.0
2017-09-11,0.2799997329711914,34915900.0
2017-09-12,-0.11999988555908203,49702800.0
2017-09-13,0.15999984741210938,37010200.0
2017-09-14,0.010000228881835938,34413800.0
2017-09-15,0.0,47784700.0
2017-09-18,0.0,47601200.0
2017-09-19,0.10000038146972656,35822100.0
2017-09-20,0.7299995422363281,80267000.0
2017-09-21,-0.1999998092651385,46258800.0
2017-09-22,0.019999504089357245,40928300.0
2017-09-25,0.15000057220458984,36733200.0
2017-09-26,-0.2799997329711914,37874200.0
2017-09-27,-0.25,41819300.0
2017-09-28,0.029999732971191406,33829000.0
2017-09-29,-0.039999961853027344,28638300.0
2017-10-02,0.09999942779540838,29826200.0
2017-10-03,0.5799999237060565,50636700.0
2017-10-04,-0.31999969482421875,47798600.0
2017-10-05,0.2399997711181623,55361300.0
2017-10-06,-0.21000003814697088,41741300.0
2017-10-09,0.20000076293945312,27904700.0
2017-10-10,0.3000001907348633,47066600.0
2017-10-11,-0.1100006103515625,40422100.0
2017-10-12,0.0,0.0
2017-10-13,0.0,24210000.0
2017-10-16,0.04000091552734375,44699700.0
2017-10-17,0.009998321533203125,25524800.0
2017-10-18,0.030000686645507812,25706200.0
2017-10-19,-0.010000228881835938,24672800.0
2017-10-20,0.06999969482421875,32417500.0
2017-10-23,-0.019998550415039062,29389900.0
2017-10-24,0.3099994659423828,46249500.0
2017-10-25,0.20999908447265625,37608200.0
2017-10-26,0.010000228881835938,37848300.0
2017-10-27,0.3000011444091797,45640100.0
2017-10-30,-0.25,55355600.0
2017-10-31,-0.010000228881835938,32249000.0
2017-11-01,0.12999916076660156,38876600.0
2017-11-02,0.0,0.0
2017-11-03,0.04000091552734375,32605400.0
2017-11-06,0.48999977111816406,46056100.0
2017-11-07,-0.9300003051757812,61098400.0
2017-11-08,0.4500007629394531,41179600.0
2017-11-09,-0.23000144958496094,29399400.0
2017-11-10,0.0,35959400.0
2017-11-13,-0.07999992370605469,28697700.0
2017-11-14,-1.2899990081787092,88765600.0
2017-11-15,0.0,0.0
2017-11-16,0.4600000381469709,42703800.0
2017-11-17,0.21000003814697266,38376900.0
2017-11-20,0.0,0.0
2017-11-21,-0.12000083923340021,45817800.0
2017-11-22,0.21000099182129084,37444900.0
2017-11-23,0.07999992370605469,15403600.0
2017-11-24,-0.09000015258789062,18790700.0
2017-11-27,-0.23000049591064453,28445800.0
2017-11-28,-0.029999732971191406,30429600.0
2017-11-29,-0.5100002288818342,45973000.0
2017-11-30,0.050000190734861505,52811400.0
2017-12-01,0.22999954223632812,42703800.0
2017-12-04,-0.13000011444091797,43821500.0
2017-12-05,-0.1699991226196289,30228000.0
2017-12-06,0.21000003814697266,39238500.0
2017-12-07,-0.26000022888183594,37281400.0
2017-12-08,0.0900001525878924,39584500.0
2017-12-11,0.02999973297118963,21281600.0
2017-12-12,0.1099996566772461,36201200.0
2017-12-13,-0.3099994659423846,46828900.0
2017-12-14,-0.17000007629394354,37177300.0
2017-12-15,-0.06000041961669922,55668300.0
2017-12-18,0.2700004577636719,42760400.0
2017-12-19,-0.07999992370605469,22639700.0
2017-12-20,0.09999942779541016,20149700.0
2017-12-21,0.619999885559082,47219400.0
2017-12-22,-0.1099996566772461,18708500.0
2017-12-25,0.0,0.0
2017-12-26,0.2200002670288086,22173100.0
2017-12-27,0.07999897003173828,23552200.0
2017-12-28,0.05000114440917969,19011500.0
2017-12-29,0.0,0.0
2018-01-02,0.4499988555908203,33461800.0
2018-01-03,0.15000152587890625,55940900.0
2018-01-04,0.029998779296875,37064900.0
2018-01-05,0.10000038146972656,26958200.0
2018-01-08,0.20000076293945312,28400000.0
2018-01-09,0.0,35070900.0
2018-01-10,-0.23000144958496094,28547700.0
2018-01-11,0.4500007629394531,37921500.0
2018-01-12,0.049999237060546875,45912100.0
2018-01-15,0.05000114440917969,28945400.0
2018-01-16,0.2999992370605469,58618300.0
2018-01-17,0.7100009918212855,58488900.0
2018-01-18,-0.1400012969970703,48575800.0
2018-01-19,0.040000915527350855,33470200.0
2018-01-22,0.20999908447264914,33920000.0
2018-01-23,-0.22999954223632457,35567700.0
2018-01-24,1.1000003814697266,89768200.0
2018-01-25,0.0,0.0
2018-01-26,0.5900001525878906,81989500.0
2018-01-29,-0.07999992370605469,55726200.0
2018-01-30,-0.3600006103515625,46203000.0
2018-01-31,0.21000099182128906,41576600.0
2018-02-01,0.8199996948242188,51950200.0
2018-02-02,-0.5500011444091832,50657800.0
2018-02-05,-0.9299983978271449,62268600.0
2018-02-06,0.9499988555908203,74146500.0
2018-02-07,-0.5499992370605469,61910300.0
2018-02-08,-0.3900012969970703,51115100.0
2018-02-09,-0.279998779296875,68727600.0
2018-02-14,0.4799995422363281,43402800.0
2018-02-15,0.149999618530277,31978000.0
2018-02-16,0.020000457763668322,34736300.0
2018-02-19,0.6299991607666016,40925500.0
2018-02-20,0.3900012969970703,67418700.0
2018-02-21,-0.1900005340576172,55678400.0
2018-02-22,0.48999977111816406,38170900.0
2018-02-23,0.3800010681152344,55755600.0
2018-02-26,0.39999961853027344,48160500.0
2018-02-27,-0.020000457763671875,42912500.0
2018-02-28,-0.04000091552734375,66229400.0
2018-03-01,-0.42999839782714844,66380900.0
2018-03-02,0.4799995422363317,52682900.0
2018-03-05,0.610000610351559,54242600.0
2018-03-06,-0.22000122070312145,57240800.0
2018-03-07,-0.22999954223633168,50956600.0
2018-03-08,0.030000686645507812,36156800.0
2018-03-09,0.6899986267089879,45560000.0
2018-03-12,-0.05999946594238992,32363900.0
2018-03-13,-0.2199993133544922,34732800.0
2018-03-14,0.2699985504150426,31947600.0
2018-03-15,-1.0699996948242188,81097800.0
2018-03-16,0.12000083923339844,57891900.0
2018-03-19,-0.5,42218400.0
2018-03-20,0.22999954223632812,30106800.0
2018-03-21,0.8899993896484375,53106300.0
2018-03-22,-0.32999992370605824,50033300.0
2018-03-23,0.030000686645511365,52815800.0
2018-03-26,0.2800006866455078,30174900.0
2018-03-27,-0.5900001525878906,43568100.0
2018-03-28,-0.23999977111816406,38539300.0
2018-03-29,0.20999908447265625,34318800.0
2018-04-02,-0.5100002288818324,37275000.0
2018-04-03,-0.19000053405762074,39245800.0
2018-04-04,-0.3299999237060547,58475700.0
2018-04-05,0.7700004577636754,88599000.0
2018-04-06,0.13000106811523082,47908900.0
2018-04-09,-0.75,44248900.0
2018-04-10,0.8699989318847692,58545100.0
2018-04-11,0.3999996185302699,62378300.0
2018-04-12,-0.11999893188476562,36238700.0
2018-04-13,-0.4799995422363281,43347800.0
2018-04-16,-0.5799999237060547,48474200.0
2018-04-17,0.4099998474121094,36570400.0
2018-04-18,0.7699985504150391,65237400.0
2018-04-19,0.40000152587890625,62475200.0
2018-04-20,0.15999984741210582,61494800.0
2018-04-23,0.11999893188476918,37023300.0
2018-04-24,-0.07999992370605113,46710300.0
2018-04-25,-0.6700000762939489,68160600.0
2018-04-26,0.8999996185302734,56674700.0
2018-04-27,0.07999992370605469,37858300.0
2018-04-30,0.2600002288818324,23681500.0
2018-05-02,-0.3699989318847621,31778100.0
2018-05-03,-0.14999961853027344,48855700.0
2018-05-04,-0.18000030517578125,33599400.0
2018-05-07,0.3799991607666051,47815100.0
2018-05-08,0.2600002288818324,81198700.0
2018-05-09,1.8700008392333984,118032300.0
2018-05-10,0.9699993133544922,126907200.0
2018-05-11,-0.3099994659423828,72996400.0
2018-05-14,0.7999992370605469,66938700.0
2018-05-15,0.5500011444091797,75230200.0
2018-05-16,0.5999984741210973,64486500.0
2018-05-17,-1.439998626708988,112487000.0
2018-05-18,-0.30000114440917613,83206900.0
2018-05-21,-0.6000003814697301,75971900.0
2018-05-22,-0.3400001525878906,88109900.0
2018-05-23,-1.4399986267089844,74622500.0
2018-05-24,-3.1900005340576207,240343800.0
2018-05-25,-0.28000068664550426,131188100.0
2018-05-28,-2.8899993896484375,134504900.0
2018-05-29,2.3899993896484375,181509800.0
2018-05-30,-0.31999969482421875,125430000.0
2018-06-01,-2.8199996948242188,216954700.0
2018-06-04,1.3700008392333984,93547600.0
2018-06-05,-0.9400005340576172,67006400.0
2018-06-06,-0.26000022888183594,69496800.0
2018-06-07,-0.5699996948242188,118752700.0
2018-06-08,-0.5100002288818359,91461500.0
2018-06-11,0.15999984741210938,44872500.0
2018-06-12,0.05000019073486328,69592600.0
2018-06-13,-0.2899999618530291,72301200.0
2018-06-14,-0.0699996948242152,57324600.0
2018-06-15,-0.13000011444091975,75239300.0
2018-06-18,-0.4700002670288086,47363800.0
2018-06-19,0.9200000762939435,97301500.0
2018-06-20,0.7899990081787127,88397300.0
2018-06-21,-1.109998703002928,67884300.0
2018-06-22,0.009999275207517755,52184500.0
2018-06-25,0.5900001525878906,60347200.0
2018-06-26,0.34000110626220703,59595900.0
2018-06-27,0.5099983215332031,78095000.0
2018-06-28,0.05000114440917969,94960700.0
2018-06-29,0.5900001525878906,75735100.0
2018-07-02,0.279998779296875,54545600.0
2018-07-03,0.030000686645507812,57456700.0
2018-07-04,0.1100006103515625,54211000.0
2018-07-05,0.25,76084700.0
2018-07-06,0.07999992370605469,33878700.0
2018-07-10,-0.1900005340576172,70886200.0
2018-07-11,-0.3400001525878906,85806300.0
2018-07-12,0.5400009155273438,49397900.0
2018-07-13,0.15999984741210582,44951900.0
2018-07-16,-0.23000144958495738,62798900.0
2018-07-17,0.4100017547607422,40884300.0
2018-07-18,-0.24000167846679688,40643800.0
2018-07-19,0.3500003814697301,60404900.0
2018-07-20,0.8900012969970668,98035200.0
2018-07-23,-0.03000068664550426,35231500.0
2018-07-24,0.3999996185302699,39934600.0
2018-07-25,0.2999992370605469,48759900.0
2018-07-26,-0.5499992370605469,48144300.0
2018-07-27,0.3600006103515625,36509400.0
2018-07-30,0.11999893188476918,37053900.0
2018-07-31,-0.17000007629395242,38641200.0
2018-08-01,0.29000091552735086,39141700.0
2018-08-02,0.3999996185302699,69008900.0
2018-08-03,0.7000007629394496,86908000.0
2018-08-06,-0.0699996948242152,44528300.0
2018-08-07,-0.3300018310546875,69136700.0
2018-08-08,-0.5699996948242152,58211500.0
2018-08-09,0.20000076293944957,51253100.0
2018-08-10,-0.75,61789800.0
2018-08-13,0.4500007629394531,58306700.0
2018-08-14,-0.060001373291015625,55180600.0
2018-08-15,-0.9300003051757812,65651700.0
2018-08-16,-0.09999847412109375,51201600.0
2018-08-17,-0.4900016784667969,68328400.0
2018-08-20,-0.0999984741210973,56315600.0
2018-08-21,-0.6400012969970668,68735300.0
2018-08-22,0.6300010681152344,56623700.0
2018-08-23,-0.39999961853027344,56284100.0
2018-08-24,0.34999847412109375,37893000.0
2018-08-27,0.4099998474121094,35428000.0
2018-08-28,-0.3599987030029297,38079200.0
2018-08-29,0.9499988555908203,71434300.0
2018-08-30,-0.5,63981900.0
2018-08-31,0.4600009918212926,75767400.0
2018-09-03,-0.2600002288818395,25401600.0
2018-09-04,-0.350000381469723,39759800.0
2018-09-05,0.10000038146972301,53967300.0
2018-09-06,0.23999977111816406,54304300.0
2018-09-10,0.2700004577636754,58578100.0
2018-09-11,-0.7600002288818395,56495200.0
2018-09-12,0.4500007629394531,59695700.0
2018-09-13,-0.24000167846679688,36808700.0
2018-09-14,0.0800018310546875,55756300.0
2018-09-17,0.6099987030029332,71289500.0
2018-09-18,0.850000381469723,72959100.0
2018-09-19,-0.2700004577636719,60563700.0
2018-09-20,-0.10999870300292969,56206900.0
2018-09-21,0.2699985504150426,58517300.0
2018-09-24,-0.13999938964844105,54332900.0
2018-09-25,0.07999992370605113,54462300.0
2018-09-26,0.11000061035156605,60060800.0
2018-09-27,1.269998550415039,104177300.0
2018-09-28,-0.3699989318847656,91254600.0
2018-10-01,-0.09000015258789062,56540400.0
2018-10-02,1.8199996948242188,127231800.0
2018-10-03,0.970001220703125,152189200.0
2018-10-04,0.22999954223632812,99743300.0
2018-10-05,-0.060001373291015625,104693400.0
2018-10-08,2.6400012969970703,188109000.0
2018-10-09,0.2199993133544922,90128800.0
2018-10-10,-0.7700004577636719,82688000.0
2018-10-11,-0.7599983215332031,119307500.0
2018-10-15,0.4799995422363281,92331900.0
2018-10-16,0.9599990844726562,74144800.0
2018-10-17,-0.279998779296875,80990300.0
2018-10-18,-0.75,56268900.0
2018-10-19,0.2199993133544922,61858300.0
2018-10-22,0.6100006103515625,63678000.0
2018-10-23,-0.3299999237060547,77457300.0
2018-10-24,-0.5200004577636719,93377100.0
2018-10-25,0.6399993896484375,79732200.0
2018-10-26,1.2800006866455078,110184900.0
2018-10-29,-1.1800003051757812,160890100.0
2018-10-30,1.5799999237060547,107525500.0
2018-10-31,-0.37999916076660156,84131500.0
2018-11-01,-0.3000011444091797,98037100.0
2018-11-05,0.8400001525878906,60389900.0
2018-11-06,-0.9699993133544922,95344400.0
2018-11-07,-0.8900012969970703,95817100.0
2018-11-08,-0.9499988555908203,119096300.0
2018-11-09,0.10999870300292969,94206400.0
2018-11-12,-0.12999916076660512,63162600.0
2018-11-13,-1.090000152587887,112776300.0
2018-11-14,0.8600006103515625,104423900.0
2018-11-16,0.6999988555908203,100628900.0
2018-11-19,0.20000076293945312,79946400.0
2018-11-21,-0.8299999237060547,77228100.0
2018-11-22,-0.020000457763668322,31253600.0
2018-11-23,-0.7799987792968786,77961200.0
2018-11-26,-0.12000083923339844,62111600.0
2018-11-27,1.2800006866455078,90759000.0
2018-11-28,-0.15000152587890625,92811300.0
2018-11-29,-0.20999908447265625,65584300.0
2018-11-30,0.28999900817871094,90874500.0
2018-12-03,0.48000144958496094,90530000.0
2018-12-04,-0.6000003814697266,66867500.0
2018-12-05,0.2199993133544922,54183300.0
2018-12-06,-0.9699993133544922,99037200.0
2018-12-07,0.18000030517578125,87994700.0
2018-12-10,-1.3299999237060547,73871100.0
2018-12-11,-0.14999961853027344,64017600.0
2018-12-12,0.009998321533203125,63296400.0
2018-12-13,0.06000137329101207,61946100.0
2018-12-14,-0.3100013732910121,45231700.0
2018-12-17,-0.17999839782714844,53832000.0
2018-12-18,-0.8700008392333984,74740000.0
2018-12-19,0.25,171157500.0
2018-12-20,-0.7600002288818359,141767000.0
2018-12-21,0.05999946594238281,90384300.0
2018-12-26,0.13000106811523438,77104200.0
2018-12-27,-0.010000228881835938,74083700.0
2018-12-28,1.010000228881836,61634700.0
2019-01-02,1.3799991607666016,104534800.0
2019-01-03,0.5900001525878942,95206400.0
2019-01-04,0.06999969482421164,72119800.0
2019-01-07,0.3900012969970703,121711900.0
2019-01-08,-0.1500015258789027,68761800.0
2019-01-09,0.5200004577636719,70177600.0
2019-01-10,-0.21999931335448863,54763700.0
2019-01-11,-0.2700004577636754,53980700.0
2019-01-14,-0.1399993896484375,46577300.0
2019-01-15,-0.020000457763675428,53731500.0
2019-01-16,-0.010000228881832385,40425000.0
2019-01-17,0.3400001525878906,50359400.0
2019-01-18,0.23999977111816762,67021300.0
2019-01-21,0.13000106811523082,45336500.0
2019-01-22,-0.40000152587890625,61307000.0
2019-01-23,0.3000011444091797,52931600.0
2019-01-24,0.1100006103515625,40109000.0
2019-01-28,-0.7700004577636719,65079900.0
2019-01-29,0.6000003814697266,59419200.0
2019-01-30,0.25,62607500.0
2019-01-31,-0.0400009155273473,63253600.0
2019-02-01,0.21999931335449574,47957400.0
2019-02-04,0.23000144958496094,53874900.0
2019-02-05,0.04999923706054332,40989100.0
2019-02-06,-0.5900001525878871,64527000.0
2019-02-07,-0.39999961853027344,55614100.0
2019-02-08,0.03999900817871094,40153900.0
2019-02-11,-0.28999900817871094,39617300.0
2019-02-12,0.879999160766598,72467200.0
2019-02-13,0.32999992370605824,69042200.0
2019-02-14,0.9000015258789062,81125500.0
2019-02-15,-0.1100006103515625,63841800.0
2019-02-18,-0.07999992370605113,43379000.0
2019-02-19,0.6199989318847621,58041900.0
2019-02-20,-0.3399982452392578,55114500.0
2019-02-21,0.35999870300293324,46559400.0
2019-02-22,-0.2700004577636754,36602000.0
2019-02-25,-0.42999839782714844,54190800.0
2019-02-26,-0.12000083923340199,46504200.0
2019-02-27,0.5,49131400.0
2019-02-28,-0.020000457763668322,93065100.0
2019-03-01,-0.3599987030029297,41978700.0
2019-03-06,0.059999465942386365,18423400.0
2019-03-07,0.010000228881832385,32835300.0
2019-03-08,-0.10000038146972656,49564400.0
2019-03-11,1.0799999237060547,66742800.0
2019-03-12,-0.25,64287300.0
2019-03-13,0.6000003814697266,61057200.0
2019-03-14,0.09000015258789062,42777800.0
2019-03-15,0.05999946594238281,61041100.0
2019-03-18,0.48999977111816406,91920600.0
2019-03-19,0.46000099182128906,69423600.0
2019-03-20,-0.2300014495849645,68878000.0
2019-03-21,-0.4099998474121058,80121300.0
2019-03-22,-1.5599994659423828,104731100.0
2019-03-25,0.3400001525878906,104772900.0
2019-03-26,1.289999008178711,91549100.0
2019-03-27,-1.289999008178711,66415400.0
2019-03-28,0.7199993133544922,69412700.0
2019-03-29,0.0,51587400.0
2019-04-01,-0.05999946594238281,42289800.0
2019-04-02,0.29000091552734375,38460600.0
2019-04-03,-0.75,55120900.0
2019-04-04,0.9299983978271449,52248100.0
2019-04-05,0.3100013732910192,54708900.0
2019-04-08,0.4699993133544922,55270000.0
2019-04-09,-0.09000015258789062,43863700.0
2019-04-10,-0.37999916076660156,62005200.0
2019-04-11,-0.7800006866455078,56126400.0
2019-04-12,-2.170000076293949,227307600.0
2019-04-15,0.10000038146973012,117567200.0
2019-04-16,0.7899990081787074,95149300.0
2019-04-17,0.030000686645511365,103988400.0
2019-04-18,0.8500003814697266,100942100.0
2019-04-22,-0.15999984741210938,45321900.0
2019-04-23,0.23999977111816406,52199500.0
2019-04-24,-0.07999992370605469,57704700.0
2019-04-25,0.1999988555908203,55201700.0
2019-04-26,-0.5499992370605469,52616600.0
2019-04-29,0.12000083923339844,27689800.0
2019-04-30,-0.2600002288818395,39570700.0
2019-05-02,-0.3800010681152308,37820300.0
2019-05-03,0.12000083923339844,33334800.0
2019-05-06,-0.07999992370605469,31715900.0
2019-05-07,-0.4200000762939453,52454400.0
2019-05-08,1.0200004577636719,71780300.0
2019-05-09,-0.5400009155273473,46663300.0
2019-05-10,-0.14999961853026988,33336000.0
2019-05-13,-0.7800006866455043,43146100.0
2019-05-14,0.10000038146972301,34968600.0
2019-05-15,-0.12000083923339844,37053900.0
2019-05-16,-0.6099987030029297,46502200.0
2019-05-17,-0.5900001525878906,67291200.0
2019-05-20,0.8400001525878906,54472000.0
2019-05-21,0.9699993133544922,57846700.0
2019-05-22,-0.1999988555908203,48439300.0
2019-05-23,-0.4500007629394531,49527400.0
2019-05-24,0.25,35915100.0
2019-05-27,0.14999961853027344,33892000.0
2019-05-28,0.5599994659423828,60774600.0
2019-05-29,-0.2999992370605469,43124400.0
2019-05-30,-0.350000381469723,71847200.0
2019-05-31,-0.6000003814697301,63137200.0
2019-06-03,0.4400005340576172,53470600.0
2019-06-04,0.21000099182128906,37331100.0
2019-06-05,-0.3400001525878942,65282100.0
2019-06-06,0.42000007629394887,87836900.0
2019-06-07,0.4799995422363317,52235500.0
2019-06-10,-0.1100006103515625,39666800.0
2019-06-11,0.5100002288818324,52437000.0
2019-06-12,-0.3099994659423828,43392200.0
2019-06-13,0.3299999237060547,48981600.0
2019-06-14,-0.12000083923339844,42802400.0
2019-06-17,0.050001144409176135,49290000.0
2019-06-18,0.3400001525878942,31332800.0
2019-06-19,0.06999969482421875,33286300.0
2019-06-21,0.7600002288818359,58424700.0
2019-06-24,-0.030000686645507812,27365000.0
2019-06-25,-0.7399997711181605,56472100.0
2019-06-26,0.15999984741210582,48901500.0
2019-06-27,-0.4400005340576172,55219200.0
2019-06-28,0.18000030517578125,40262000.0
2019-07-01,-0.14999961853026988,46759100.0
2019-07-02,-0.44000053405762074,57954200.0
2019-07-03,0.3600006103515625,29291800.0
2019-07-04,0.2099990844726598,28577400.0
2019-07-05,0.010000228881835938,27414700.0
2019-07-08,0.25,25318200.0
2019-07-10,0.42000007629394176,50715800.0
2019-07-11,0.32999992370605824,48206900.0
2019-07-12,0.13000106811523082,40908900.0
2019-07-15,-0.35000038146972656,36592400.0
2019-07-16,-0.3500003814697301,54789300.0
2019-07-17,-0.14999961853026988,28923500.0
2019-07-18,-0.17000007629394176,35830700.0
2019-07-19,-0.0699996948242223,28418900.0
2019-07-22,0.049999237060546875,22304400.0
2019-07-23,0.030000686645507812,21124400.0
2019-07-24,-0.1700000762939453,27939600.0
2019-07-25,-0.4600009918212855,26892300.0
2019-07-26,-0.75,75644000.0
2019-07-29,0.2399997711181605,26493300.0
2019-07-30,-0.1399993896484375,38201600.0
2019-07-31,-0.15999984741211293,39890200.0
2019-08-01,0.17000007629394887,91345800.0
2019-08-02,0.2700004577636719,64112900.0
2019-08-05,-0.970001220703125,48277000.0
2019-08-06,0.3299999237060547,44208100.0
2019-08-07,-0.279998779296875,67698500.0
2019-08-08,0.75,50256700.0
2019-08-09,-0.06999969482421875,36641500.0
2019-08-12,-0.6300010681152308,36122000.0
2019-08-13,0.14000129699706676,45330500.0
2019-08-14,-0.8700008392333984,54401100.0
2019-08-15,-0.6900005340576172,53894500.0
2019-08-16,-0.31999969482421875,56782000.0
2019-08-19,0.12000083923339844,50699300.0
2019-08-20,-0.010000228881835938,37141700.0
2019-08-21,1.4300003051757812,87840800.0
2019-08-22,-0.2300014495849645,40808800.0
2019-08-23,-0.9399986267089808,58032300.0
2019-08-26,-0.32000160217285156,39688800.0
2019-08-27,0.3800010681152344,70475200.0
2019-08-28,0.25,41981500.0
2019-08-29,0.9099998474121094,61008800.0
2019-08-30,0.0,54958200.0
2019-09-02,-0.20000076293945312,19049900.0
2019-09-03,0.3000011444091797,47829600.0
2019-09-04,0.6599998474121129,56179000.0
2019-09-05,0.12999916076660156,48586800.0
2019-09-06,0.13000106811523082,48502200.0
2019-09-09,0.4099998474121094,37303000.0
2019-09-10,0.1700000762939453,44109400.0
2019-09-11,-0.22999954223632812,51540400.0
2019-09-12,0.18999862670898438,41028300.0
2019-09-13,-0.18000030517578125,24709400.0
2019-09-16,1.1800003051757812,167634600.0
2019-09-17,-0.3699989318847656,67414800.0
2019-09-18,-0.47000122070312855,40567100.0
2019-09-19,0.07000160217285512,42155100.0
2019-09-20,-0.29000091552734375,51946900.0
2019-09-23,0.4799995422363281,32643100.0
2019-09-24,-0.20999908447265625,36643400.0
2019-09-25,0.06999969482421875,29038400.0
2019-09-26,0.3600006103515625,33705900.0
2019-09-27,-0.04000091552734375,31886800.0
2019-09-30,-0.1100006103515625,23143400.0
2019-10-01,-0.039999008178707385,32423200.0
2019-10-02,-0.7900009155273509,51261200.0
2019-10-03,0.020000457763675428,46076300.0
2019-10-04,-0.22999954223632457,47951600.0
2019-10-07,-0.3400001525878942,26252500.0
2019-10-08,-0.14999961853027344,30418900.0
2019-10-09,0.5,35141400.0
2019-10-10,0.2199993133544922,31056500.0
2019-10-11,0.5200004577636754,37055300.0
2019-10-14,0.04999923706054332,20809900.0
2019-10-15,0.29000091552734375,30455300.0
2019-10-16,0.3299999237060547,31381300.0
2019-10-17,-0.2700004577636719,31405400.0
2019-10-18,-0.05999946594238281,36070900.0
2019-10-21,0.1700000762939453,43337700.0
2019-10-22,0.7999992370605469,64228700.0
2019-10-23,0.3800010681152344,45930600.0
2019-10-24,-0.6300010681152344,60529900.0
2019-10-25,0.9300003051757812,74476900.0
2019-10-28,0.35000038146972656,37461800.0
2019-10-29,0.2199993133544922,49994200.0
2019-10-30,0.2600002288818324,63001200.0
2019-10-31,0.3099994659423899,67070400.0
2019-11-01,0.0400009155273402,101210200.0
2019-11-04,-0.0699996948242223,81023400.0
2019-11-05,-0.710000991821282,92980900.0
2019-11-06,0.05999946594237926,154003100.0
2019-11-07,1.1900005340576207,96329000.0
2019-11-08,-0.8799991607666051,61567700.0
2019-11-11,0.43000030517578125,30570500.0
2019-11-12,-0.43000030517578125,41655600.0
2019-11-13,-0.12000083923339488,41827700.0
2019-11-14,-0.6000003814697301,44595200.0
2019-11-18,-0.21999931335449574,54468100.0
2019-11-19,-0.2999992370605433,33740200.0
2019-11-21,1.0699996948242188,53033100.0
2019-11-22,0.12999916076660156,34786000.0
2019-11-25,-0.25,29868400.0
2019-11-26,-0.5399990081787109,54147800.0
2019-11-27,0.13999938964843395,33072500.0
2019-11-28,0.20000076293945668,46602800.0
2019-11-29,-0.3800010681152308,37699000.0
2019-12-02,-0.07999992370605824,31353600.0
2019-12-03,-0.09000015258789062,29194000.0
2019-12-04,0.6800003051757812,44960000.0
2019-12-05,0.3899993896484375,50447000.0
2019-12-06,0.3000011444091797,44348600.0
2019-12-09,-0.1400012969970703,34694100.0
2019-12-10,0.23000144958496094,27532700.0
2019-12-11,-0.0400009155273402,38458300.0
2019-12-12,0.5699996948242116,47797800.0
2019-12-13,-0.9899997711181605,105004400.0
2019-12-16,-0.5699996948242188,68871000.0
2019-12-17,0.4400005340576172,40679900.0
2019-12-18,0.6900005340576172,64201600.0
2019-12-19,0.0699996948242152,39696000.0
2019-12-20,-0.35000038146971946,93064900.0
2019-12-23,0.2399997711181605,21970200.0
2019-12-26,0.4099998474121094,24810500.0
2019-12-27,-0.3899993896484375,24995100.0
2019-12-30,-0.3400001525878906,22111600.0
2020-01-02,0.5200004577636719,37774500.0
2020-01-03,-0.25,71595600.0
2020-01-06,0.3599987030029297,81844000.0
2020-01-07,-0.11999893188476562,32822000.0
2020-01-08,-0.1900005340576172,48215600.0
2020-01-09,-0.10000038146972301,36102700.0
2020-01-10,-0.12999916076660512,25397500.0
2020-01-13,0.05999946594237926,30676800.0
2020-01-14,-0.32999992370605113,39796500.0
2020-01-15,-0.4500007629394531,34405700.0
2020-01-16,-0.029998779296875,28997400.0
2020-01-17,0.3299999237060547,34908000.0
2020-01-20,0.14999961853027344,31241400.0
2020-01-21,-0.37999916076660156,28577400.0
2020-01-22,-0.3299999237060547,32491500.0
2020-01-23,0.35999870300293324,53752100.0
2020-01-24,-0.3500003814697301,36898700.0
2020-01-27,-1.269998550415039,66105300.0
2020-01-28,0.7699985504150391,47259100.0
2020-01-29,0.05000114440917969,42297500.0
2020-01-30,0.09000015258789062,44266800.0
2020-01-31,-0.48999977111816406,55446700.0
2020-02-03,-0.2700004577636719,39452800.0
2020-02-04,0.4499988555908203,57658400.0
2020-02-05,-0.2399997711181605,67994500.0
2020-02-06,0.7900009155273402,126114000.0
2020-02-07,-0.25,54514600.0
2020-02-10,0.1999988555908203,45328100.0
2020-02-11,0.35000038146972656,37518200.0
2020-02-12,0.6499996185302734,64851000.0
2020-02-13,-0.4099998474121129,55277100.0
2020-02-14,-0.2999992370605433,30399900.0
2020-02-17,-0.059999465942386365,38684900.0
2020-02-18,0.38999938964844105,33890900.0
2020-02-19,0.7999992370605469,44181800.0
2020-02-20,-0.6299991607666016,73522900.0
2020-02-21,-0.7800006866455043,47805100.0
2020-02-26,-2.930000305175785,89207100.0
2020-02-27,-0.9099998474121094,100112100.0
2020-02-28,0.04000091552734375,89095300.0
2020-03-02,1.1900005340576172,71596400.0
2020-03-03,-0.48000144958496094,86855700.0
2020-03-04,0.8400001525878942,42320500.0
2020-03-05,-1.5999984741210973,69722300.0
2020-03-06,-2.4600009918212926,138597600.0
2020-03-09,-6.780000686645504,254813800.0
2020-03-10,1.510000228881836,170478000.0
2020-03-11,-1.7099990844726545,132482400.0
2020-03-12,-3.25,151535900.0
2020-03-13,2.7999992370605433,174972600.0
2020-03-16,-2.309999465942381,126432800.0
2020-03-17,-0.09000015258789062,149228500.0
2020-03-18,-1.7100000381469727,162515200.0
2020-03-19,0.9200000762939453,157065200.0
2020-03-20,-0.21000003814697266,149029900.0
2020-03-23,-0.5,107092400.0
2020-03-24,1.75,114259200.0
2020-03-25,1.0699996948242205,158286200.0
2020-03-26,0.07000064849853338,130618400.0
2020-03-27,-1.0900001525878906,101405900.0
2020-03-30,0.07999992370605469,110947200.0
2020-03-31,0.6099996566772461,156116500.0
2020-04-01,0.3100004196166992,114455000.0
2020-04-02,1.2100000381469727,234951200.0
2020-04-03,-0.1700000762939453,142898700.0
2020-04-06,0.43000030517578125,123934200.0
2020-04-07,0.6299991607666016,140498900.0
2020-04-08,0.9200000762939453,116151600.0
2020-04-09,-0.5,185771300.0
2020-04-13,0.1100006103515625,93724000.0
2020-04-14,-0.20000076293945312,91017200.0
2020-04-15,-0.35000038146972656,86749600.0
2020-04-16,-0.659998893737793,115633300.0
2020-04-17,0.40999889373779297,116733000.0
2020-04-20,-0.17999935150146484,133739400.0
2020-04-22,0.8000001907348633,114967100.0
2020-04-23,0.20000076293945312,94759000.0
2020-04-24,-1.0000009536743164,161188800.0
2020-04-27,0.5000009536743164,85944900.0
2020-04-28,0.7999992370605469,91613600.0
2020-04-29,0.9500007629394531,94528400.0
2020-04-30,-0.15000152587890625,80263900.0
2020-05-04,-0.6700000762939453,60268400.0
2020-05-05,0.5600013732910156,75043400.0
2020-05-06,-0.6599998474121094,67937500.0
2020-05-07,0.15999984741210938,81265100.0
2020-05-08,1.039999008178711,83232700.0
2020-05-11,-0.32999992370605113,65061500.0
2020-05-12,-0.010000228881835938,71837200.0
2020-05-13,-0.5499992370605504,87222300.0
2020-05-14,-0.1900005340576172,119653200.0
2020-05-15,-0.25,133733100.0
2020-05-18,1.3900012969970703,116999500.0
2020-05-19,0.1399993896484375,80131600.0
2020-05-20,0.6199989318847656,74595100.0
2020-05-21,-0.10999870300292969,81327000.0
2020-05-22,-0.5200004577636719,71259400.0
2020-05-25,0.8099994659423828,38033000.0
2020-05-26,0.1900005340576172,68716900.0
2020-05-27,0.26000022888183594,74790800.0
2020-05-28,-0.15999984741210938,65023000.0
2020-05-29,0.5699996948242188,128832600.0
2020-06-01,-0.01000022888183949,86579500.0
2020-06-02,1.0699996948242259,77235100.0
2020-06-03,0.06999969482421164,86219700.0
2020-06-04,-0.039999008178707385,107401400.0
2020-06-05,0.6700000762939453,114137700.0
2020-06-08,0.43000030517578125,82444400.0
2020-06-09,-0.8100013732910192,96488300.0
2020-06-10,-0.31999969482421164,102551100.0
2020-06-12,-0.7999992370605504,116746700.0
2020-06-15,0.10000038146972656,99931000.0
2020-06-16,0.6700000762939453,94510600.0
2020-06-17,0.06999969482421875,63268700.0
2020-06-18,0.15999984741210938,56893300.0
2020-06-19,-0.13000106811523793,91139800.0
2020-06-22,-0.5199985504150355,45419000.0
2020-06-23,0.6999988555908239,78950900.0
2020-06-24,-0.649999618530277,65162400.0
2020-06-25,0.46999931335448863,47263500.0
2020-06-26,-0.629999160766598,55499300.0
2020-06-29,0.8199996948242188,59809600.0
2020-06-30,-0.1100006103515625,65010600.0
2020-07-01,0.15999984741210938,78983900.0
2020-07-02,0.35000038146972656,56345900.0
2020-07-03,-0.07999992370605469,24060000.0
2020-07-06,0.5300006866455114,58070900.0
2020-07-07,-0.28000068664551137,46591300.0
2020-07-08,0.42000007629394887,49136300.0
2020-07-09,-0.5100002288818359,57151500.0
2020-07-10,0.37000083923339844,57428300.0
2020-07-13,-0.3500003814697301,55425500.0
2020-07-14,0.7399997711181676,89380500.0
2020-07-15,0.44000053405761363,58390600.0
2020-07-16,-0.620000839233402,69698700.0
2020-07-17,0.020000457763675428,49927600.0
2020-07-20,0.0,48679800.0
2020-07-21,0.6300010681152344,101769600.0
2020-07-22,-0.32000160217285156,43085500.0
2020-07-23,-0.4799995422363281,64072100.0
2020-07-24,0.15999984741210938,43380300.0
2020-07-27,0.470001220703125,56539600.0
2020-07-28,-0.40000152587890625,48353000.0
2020-07-29,0.37000083923339844,44011500.0
2020-07-30,-0.35000038146972656,57859000.0
2020-07-31,-0.6199989318847656,75397300.0
2020-08-03,-0.40000152587890625,63598500.0
2020-08-04,-0.019998550415039062,63011900.0
2020-08-05,1.3999996185302734,137214700.0
2020-08-06,0.039999008178707385,56375100.0
2020-08-07,-0.4299983978271449,56040200.0
2020-08-10,0.6599998474121094,52390100.0
2020-08-11,-0.370000839233402,66342300.0
2020-08-12,0.399999618530277,67008500.0
2020-08-13,-0.6399993896484375,44588200.0
2020-08-14,-0.1700000762939453,38422000.0
2020-08-17,-0.06999969482421875,52064300.0
2020-08-18,0.4200000762939453,49361300.0
2020-08-19,-0.13000106811523082,51982100.0
2020-08-20,-0.15999984741211293,55251700.0
2020-08-21,-0.1700000762939453,38668300.0
2020-08-24,0.4099998474121058,51841900.0
2020-08-25,-0.0999984741210902,37981400.0
2020-08-26,-0.6500015258789098,69925300.0
2020-08-27,-0.06999969482421164,35489800.0
2020-08-28,0.39000129699706676,31071000.0
2020-08-31,-0.6500015258789027,48539700.0
2020-09-01,0.9800014495849574,66299700.0
2020-09-02,-0.07000160217285156,53618000.0
2020-09-03,0.07999992370605469,87642400.0
2020-09-04,0.04000091552734375,52351100.0
2020-09-08,-0.6599998474121058,74490200.0
2020-09-09,0.46999931335448863,42143500.0
2020-09-10,-0.6099987030029297,58350000.0
2020-09-11,-0.24000167846679688,71013700.0
2020-09-14,-0.1999988555908203,46453300.0
2020-09-15,-0.010000228881835938,58546700.0
2020-09-16,0.05999946594238281,50379500.0
2020-09-17,0.42000007629394887,60432200.0
2020-09-18,-0.5,64243500.0
2020-09-21,-0.75,73300000.0
2020-09-22,-0.10000038146973012,47207700.0
2020-09-23,-0.5699996948242188,57106300.0
2020-09-24,0.17000007629394887,76310000.0
2020-09-25,-0.2700004577636754,40150400.0
2020-09-28,-0.5,48797400.0
2020-09-29,-0.31999969482421875,52878100.0
2020-09-30,0.30000114440917613,69505000.0
2020-10-01,0.23999977111816762,77537300.0
2020-10-02,-0.8299999237060547,85306000.0
2020-10-05,1.010000228881836,73288500.0
2020-10-06,-0.10000038146972656,77064600.0
2020-10-07,-0.1399993896484375,53521000.0
2020-10-08,0.6499996185302734,78070400.0
2020-10-09,-0.6400012969970703,67962300.0
2020-10-13,0.3299999237060547,55330600.0
2020-10-14,-0.15999984741211293,44584300.0
2020-10-15,-0.21999931335448863,56952100.0
2020-10-16,-0.42000007629394887,49929000.0
2020-10-19,0.19000053405762074,107419300.0
2020-10-20,0.6599998474121094,68407700.0
2020-10-21,-0.020000457763671875,60594900.0
2020-10-22,0.6800003051757812,98926900.0
2020-10-23,-0.2700004577636719,61711200.0
2020-10-26,-0.31999969482421875,58229100.0
2020-10-27,-0.37000083923339844,48978400.0
2020-10-28,-1.2099990844726562,79247400.0
2020-10-29,0.6200008392333984,86794800.0
2020-10-30,-0.35000038146972656,64185100.0
2020-11-03,0.7099990844726598,66292400.0
2020-11-04,0.06999969482421164,65777600.0
2020-11-05,0.17000007629395242,40874800.0
2020-11-06,-0.13999938964844105,37273300.0
2020-11-09,1.860000610351559,164904100.0
2020-11-10,1.4699993133544922,163732600.0
2020-11-11,-0.20000076293944957,93072900.0
2020-11-12,-0.9699993133544922,77275000.0
2020-11-13,0.7199993133544922,66065200.0
2020-11-16,0.6600017547607422,101583300.0
2020-11-17,0.39999961853027344,94082100.0
2020-11-18,-0.1400012969970703,68540400.0
2020-11-19,0.2700004577636719,65382100.0
2020-11-23,1.2800006866455078,125649000.0
2020-11-24,1.119998931884762,153293500.0
2020-11-25,0.030000686645511365,73971200.0
2020-11-26,-0.43000030517578125,41935900.0
2020-11-27,-0.31999969482421875,49863500.0
2020-11-30,-0.600000381469723,90207700.0
2020-12-01,0.7000007629394496,58866000.0
2020-12-02,0.3099994659423828,88093300.0
2020-12-03,0.7299995422363317,62424500.0
2020-12-04,0.8900012969970668,61652400.0
2020-12-07,-0.5300006866455078,72664200.0
2020-12-08,-0.3400001525878906,46276700.0
2020-12-09,0.2800006866455078,52448300.0
2020-12-10,0.8799991607666016,97537100.0
2020-12-11,-0.25,48334300.0
2020-12-14,0.05000114440917969,53159500.0
2020-12-15,0.22999954223632812,47208200.0
2020-12-16,0.3400001525878906,59399200.0
2020-12-17,0.049999237060546875,39297700.0
2020-12-18,-0.1399993896484375,44707900.0
2020-12-21,-1.0799999237060547,99988800.0
2020-12-22,0.26000022888183594,46513200.0
2020-12-23,0.6700000762939453,49038900.0
2020-12-28,0.22999954223632812,36313300.0
2020-12-29,0.09000015258789062,29891100.0
2020-12-30,0.06999969482421875,36968200.0
2021-01-04,0.5699996948242188,74719700.0
2021-01-05,1.1300010681152344,95181100.0
2021-01-06,0.05999946594238281,96562500.0
2021-01-07,0.8999996185302734,56171300.0
2021-01-08,0.12000083923339844,67136300.0
2021-01-11,-0.2600002288818395,48744700.0
2021-01-12,-0.23000144958495738,65691900.0
2021-01-13,-1.4799995422363246,93826600.0
2021-01-14,0.30000114440917613,50745400.0
2021-01-15,-1.3299999237060547,80673300.0
2021-01-18,-0.05000114440917969,68855700.0
2021-01-19,0.6200008392333984,61656000.0
2021-01-20,-0.48000144958496094,60306200.0
2021-01-21,-0.6599998474121094,41284900.0
2021-01-22,-0.45999908447265625,51181900.0
2021-01-26,-0.09000015258789062,64514600.0
2021-01-27,0.399999618530277,68337800.0
2021-01-28,0.3600006103515625,67827000.0
2021-01-29,-1.0699996948242223,67555300.0
2021-02-01,0.8400001525878906,44449500.0
2021-02-02,1.1299991607666016,91663000.0
2021-02-03,0.2800006866455078,47486800.0
2021-02-04,-0.12000083923339844,41444100.0
2021-02-05,0.020000457763671875,121098700.0
2021-02-08,-0.7299995422363317,98821700.0
2021-02-09,-0.5699996948242152,63662200.0
2021-02-10,0.2599983215332031,52949900.0
2021-02-11,0.28000068664550426,61158600.0
2021-02-12,0.36000061035156605,47801100.0
2021-02-17,1.1499996185302734,54973400.0
2021-02-18,-0.31999969482421875,105539200.0
2021-02-19,-1.9400005340576207,215834800.0
2021-02-22,-5.659999847412106,490230400.0
2021-02-23,2.3899993896484375,293503100.0
2021-02-24,0.3400001525878942,155246400.0
2021-02-25,-1.2099990844726598,170233000.0
2021-02-26,-0.9500007629394531,159881000.0
2021-03-01,-0.23999977111816406,90330100.0
2021-03-02,-0.010000228881835938,147772300.0
2021-03-03,-0.7999992370605469,185688500.0
2021-03-04,1.0299987792968714,127843200.0
2021-03-05,0.17000007629395242,126306300.0
2021-03-08,-1.2899990081787145,141142800.0
2021-03-09,0.48999977111816406,122648000.0
2021-03-10,0.75,111744100.0
2021-03-11,0.9500007629394531,130577500.0
2021-03-12,-0.12000083923339844,68123200.0
2021-03-15,0.4799995422363317,68295000.0
2021-03-16,-0.3699989318847692,43407900.0
2021-03-17,0.7999992370605433,77966400.0
2021-03-18,-0.8400001525878871,77198900.0
2021-03-19,0.7600002288818359,90244500.0
2021-03-22,-0.4799995422363281,44129300.0
2021-03-23,-0.720001220703125,57124700.0
2021-03-24,0.020000457763671875,63338300.0
2021-03-25,0.3800010681152344,79214500.0
2021-03-26,0.2599983215332031,60918600.0
2021-03-29,0.3700008392333949,50099700.0
2021-03-30,0.0,41959100.0
2021-03-31,0.2700004577636754,68609400.0
2021-04-01,-0.2100009918212855,47232900.0
2021-04-05,0.1500015258789027,40454400.0
2021-04-06,-0.020000457763671875,45934300.0
2021-04-07,-0.020000457763671875,55892200.0
2021-04-08,-0.2999992370605469,63231300.0
2021-04-09,-0.050001144409176135,47494400.0
2021-04-12,0.23999977111816406,50592900.0
2021-04-13,0.07999992370604758,53612300.0
2021-04-14,0.3800010681152379,90836500.0
2021-04-15,-1.260000228881836,64193600.0
2021-04-16,-0.1399993896484375,59567300.0
2021-04-19,1.3299999237060547,196519100.0
2021-04-20,-0.46000099182128906,94965400.0
2021-04-22,-0.1100006103515625,46600100.0
2021-04-23,-0.019998550415039062,60341000.0
2021-04-26,0.09000015258789062,33281000.0
2021-04-27,-0.6800003051757812,76684900.0
2021-04-28,0.8400001525878906,66374200.0
2021-04-29,-0.31999969482421875,49775900.0
2021-04-30,0.0,61039200.0
2021-05-03,-0.1900005340576172,49039900.0
2021-05-04,-0.5400009155273402,44765000.0
2021-05-05,0.9400005340576101,75611900.0
2021-05-06,-0.32999992370605113,54091600.0
2021-05-07,0.8799991607666016,74118200.0
2021-05-10,0.32000160217285156,73804500.0
2021-05-11,0.44999885559082387,73729900.0
2021-05-12,-0.3699989318847692,89980700.0
2021-05-13,0.20999908447265625,77282100.0
2021-05-14,1.3099994659423828,196135500.0
2021-05-17,0.3600006103515625,83512600.0
2021-05-18,-0.3099994659423828,63510600.0
2021-05-19,-0.20000076293944957,84700500.0
2021-05-20,-0.21999931335449574,71371100.0
2021-05-21,0.020000457763671875,82884500.0
2021-05-24,0.4399986267089879,63029600.0
2021-05-25,-0.5499992370605504,63672000.0
2021-05-26,0.25,46646900.0
2021-05-27,-0.18000030517578125,48877800.0
2021-05-28,1.0799999237060547,129526400.0
2021-05-31,-0.11999893188476562,46298900.0
2021-06-01,0.4200000762939453,90744900.0
2021-06-02,0.5799999237060547,103985100.0
2021-06-04,0.6299991607666016,102757300.0
2021-06-07,-0.20999908447265625,74548900.0
2021-06-08,0.3699989318847656,88398600.0
2021-06-09,0.0,60724200.0
2021-06-10,0.020000457763671875,35871000.0
2021-06-11,-0.1100006103515625,54894400.0
2021-06-14,0.18000030517578125,64286600.0
2021-06-15,0.2800006866455078,42597100.0
2021-06-16,0.10999870300293324,77432900.0
2021-06-17,-1.0100002288818395,95264600.0
2021-06-18,0.1900005340576172,115250700.0
2021-06-21,0.6300010681152344,50709600.0
2021-06-22,0.14999961853027344,41602700.0
2021-06-23,0.1999988555908203,57278500.0
2021-06-24,0.3500003814697301,51447000.0
2021-06-25,-0.5499992370605504,84950900.0
2021-06-28,-0.05000114440917969,40341200.0
2021-06-29,0.13000106811523438,43215200.0
2021-06-30,0.25,71367600.0
2021-07-01,-0.37000083923339844,65084000.0
2021-07-02,0.12000083923339844,37336700.0
2021-07-05,-0.3299999237060547,56028600.0
2021-07-06,-1.1800003051757812,97839700.0
2021-07-07,0.37999916076660156,73793500.0
2021-07-08,-0.5599994659423828,80574200.0
2021-07-12,0.23999977111816406,53001200.0
2021-07-13,0.17000007629394887,41594300.0
2021-07-14,-0.22999954223633168,51654600.0
2021-07-15,-0.5900001525878942,67982600.0
2021-07-16,-0.3999996185302699,69024100.0
2021-07-19,-0.4400005340576172,80087700.0
2021-07-20,0.35000038146972656,63408800.0
2021-07-21,0.3699989318847656,51116600.0
2021-07-22,-0.05999946594237926,37736500.0
2021-07-23,-0.15999984741211293,34025500.0
2021-07-26,0.7299995422363246,46802600.0
2021-07-27,-0.31999969482421164,51901800.0
2021-07-28,0.5599994659423793,46727100.0
2021-07-29,0.10000038146972656,43916600.0
2021-07-30,-0.8999996185302734,74150400.0
2021-08-02,-0.5,70528800.0
2021-08-03,0.4400005340576172,71850400.0
2021-08-04,-0.5699996948242188,87970600.0
2021-08-05,2.0699996948242188,223915900.0
2021-08-06,0.03999900817871449,51106100.0
2021-08-09,-0.19999885559082387,75381900.0
2021-08-10,0.09000015258789062,84380900.0
2021-08-11,0.3899993896484375,97863500.0
2021-08-12,0.43000030517578125,95319300.0
2021-08-13,0.25,85201800.0
2021-08-16,-0.7100009918212855,101262100.0
2021-08-17,-1.6099987030029332,93623700.0
2021-08-18,-0.23999977111816406,86103100.0
2021-08-19,-0.1500015258789027,80808200.0
2021-08-20,-0.03999900817871449,88445600.0
2021-08-23,0.4200000762939453,70161500.0
2021-08-24,0.5599994659423793,49831400.0
2021-08-25,0.149999618530277,46031200.0
2021-08-26,-0.23999977111816406,41061300.0
2021-08-27,1.0,76465300.0
2021-08-30,-0.1900005340576172,61054000.0
2021-08-31,-1.1099987030029297,110574300.0
2021-09-01,-0.14999961853027344,69430400.0
2021-09-02,-0.4400005340576172,56052000.0
2021-09-03,-0.2700004577636754,58182700.0
2021-09-06,0.12999916076660512,26770700.0
2021-09-08,-1.4899997711181676,80378400.0
2021-09-09,0.5300006866455114,156617100.0
2021-09-10,-0.15999984741210938,78379900.0
2021-09-13,0.8899993896484375,63317900.0
2021-09-14,-0.35000038146972656,65497300.0
2021-09-15,0.4500007629394496,67274100.0
2021-09-16,-0.22999954223632457,65567700.0
2021-09-17,-1.1700000762939453,131694100.0
2021-09-20,-0.28000068664550426,80260600.0
2021-09-21,0.5599994659423793,64570200.0
2021-09-22,0.6400012969970703,70231800.0
2021-09-23,0.9899997711181641,84480600.0
2021-09-24,0.059999465942386365,44821500.0
2021-09-27,0.23999977111816406,89178700.0
2021-09-28,-0.1800003051757848,117874300.0
2021-09-29,0.4300003051757848,58731700.0
2021-09-30,-0.15999984741211293,65744000.0
2021-10-01,0.7700004577636719,60983200.0
2021-10-04,0.7900009155273438,106937000.0
2021-10-05,0.6299991607666016,100469100.0
2021-10-06,-0.7800006866455043,84599400.0
2021-10-07,-0.03999900817871449,60551100.0
2021-10-08,0.5200004577636719,84170500.0
2021-10-11,0.1999988555908203,76466700.0
2021-10-13,0.3099994659423828,55605400.0
2021-10-14,0.05000114440917969,76172700.0
2021-10-15,-0.07999992370605469,72479900.0
2021-10-18,-0.14999961853027344,68971300.0
2021-10-19,-1.4400005340576136,111484000.0
2021-10-20,0.4899997711181605,56063300.0
2021-10-21,-1.0499992370605469,101567700.0
2021-10-22,-0.2700004577636719,138384700.0
2021-10-25,1.8600006103515625,135830600.0
2021-10-26,-0.28000068664550426,57865600.0
2021-10-27,-0.0699996948242223,57579200.0
2021-10-28,0.26999855041503906,89578000.0
2021-10-29,-1.8099994659423793,157340000.0
2021-11-01,0.850000381469723,102157200.0
2021-11-03,-1.1499996185302734,83475800.0
2021-11-04,-0.8500003814697266,92603400.0
2021-11-05,-0.14999961853027344,86264000.0
2021-11-08,0.2700004577636719,59704100.0
2021-11-09,0.5199985504150426,73021700.0
2021-11-10,-0.2099990844726598,68176300.0
2021-11-11,0.020000457763671875,60848900.0
2021-11-12,0.5399990081787109,85962500.0
2021-11-16,0.2800006866455078,60978200.0
2021-11-17,-0.6900005340576207,82106800.0
2021-11-18,-0.039999008178707385,63993000.0
2021-11-19,-0.4400005340576172,85893800.0
2021-11-22,0.2600002288818324,59195200.0
2021-11-23,1.439998626708988,108382300.0
2021-11-24,0.5700016021728516,64263300.0
2021-11-25,1.25,104052200.0
2021-11-26,-1.1500015258789098,108871800.0
2021-11-29,1.0,84672200.0
2021-11-30,-0.039999008178707385,129384600.0
2021-12-01,0.1700000762939453,135078600.0
2021-12-02,-1.2399997711181676,191410300.0
2021-12-03,0.39999961853028054,105133000.0
2021-12-06,0.12999916076660156,66142300.0
2021-12-07,0.4700012207031179,98989300.0
2021-12-08,-0.010000228881832385,71167700.0
2021-12-09,-0.05999946594238281,67668200.0
2021-12-10,0.35999870300293324,38517500.0
2021-12-13,-0.18000030517578836,45448700.0
2021-12-14,-0.3499984741210902,56833800.0
2021-12-15,0.17999839782714844,55085100.0
2021-12-16,0.3900012969970703,56545700.0
2021-12-17,-0.7000007629394531,93593700.0
2021-12-20,-0.8299999237060547,106282500.0
2021-12-21,0.04000091552734375,40454500.0
2021-12-22,-0.04000091552734375,33734500.0
2021-12-23,0.17000007629394176,28713600.0
2021-12-27,0.42000007629394887,44227900.0
2021-12-28,0.030000686645507812,30688100.0
2021-12-29,-0.23999977111816406,35508400.0
2021-12-30,-0.09000015258789062,43229100.0
2022-01-03,0.6399993896484375,52704700.0
2022-01-04,0.1100006103515625,51739200.0
2022-01-05,-1.1300010681152344,78459800.0
2022-01-06,-0.020000457763671875,61163100.0
2022-01-07,0.13000106811523438,47507600.0
2022-01-10,-0.17000007629394176,37455200.0
2022-01-11,0.8299999237060511,73623800.0
2022-01-12,0.879999160766598,81378200.0
2022-01-13,0.6000003814697301,76717500.0
2022-01-14,1.1300010681152344,96458800.0
2022-01-17,0.049999237060546875,35675900.0
2022-01-18,0.13999938964844105,78198800.0
2022-01-19,-0.149999618530277,77480200.0
2022-01-20,0.22999954223632457,85353100.0
2022-01-21,0.05000114440918324,61345400.0
2022-01-24,0.18000030517578125,79117100.0
2022-01-25,1.0400009155273438,98358500.0
2022-01-26,0.8799972534179688,98679900.0
2022-01-27,0.01000213623046875,90631000.0
2022-01-28,-1.3400001525878906,117400500.0
2022-01-31,-0.19000244140625,62450300.0
2022-02-01,0.6500015258789062,57315200.0
2022-02-02,-0.4799995422363281,36271700.0
2022-02-03,-0.4500007629394531,51087800.0
2022-02-04,0.5600013732910156,59346800.0
2022-02-07,-0.4799995422363281,48868100.0
2022-02-08,-0.3200016021728551,62590000.0
2022-02-09,0.12000083923340199,50960500.0
2022-02-10,0.48999786376953125,49534600.0
2022-02-11,1.3199996948242188,88013400.0
2022-02-14,-0.7599983215332031,55687000.0
2022-02-15,-0.5200004577636719,65689000.0
2022-02-16,0.4500007629394531,65811600.0
2022-02-17,-0.13000106811523438,43255200.0
2022-02-18,0.20000076293945312,60304700.0
2022-02-21,0.8499984741210938,51263800.0
2022-02-22,-0.10999679565429688,80206700.0
2022-02-23,0.4799995422363281,86530100.0
2022-02-24,-0.8300018310546875,139674100.0
2022-02-25,0.6100006103515625,86189100.0
2022-03-02,0.6699981689453125,58071800.0
2022-03-03,-0.4299964904785156,69237400.0
2022-03-04,-0.01000213623046875,55418000.0
2022-03-07,-2.4300003051757812,110954100.0
2022-03-08,0.6599998474121094,111633500.0
2022-03-09,0.10000228881835938,87779300.0
2022-03-10,1.1399993896484375,136437700.0
2022-03-11,-1.2099990844726562,92153700.0
2022-03-14,-0.6200008392333984,52274100.0
2022-03-15,-0.7700004577636719,66272000.0
2022-03-16,-0.2700004577636754,72034900.0
2022-03-17,-0.8199996948242116,178319300.0
2022-03-18,0.6000003814697195,93097100.0
2022-03-21,1.1499996185302805,67700800.0
2022-03-22,-0.13999938964844105,56128600.0
2022-03-23,0.42999839782714844,52956100.0
2022-03-24,0.3699989318847656,49402800.0
2022-03-25,-0.11999893188476562,51780100.0
2022-03-28,-0.6999988555908203,68610500.0
2022-03-29,0.6999988555908203,93809000.0
2022-03-30,0.69000244140625,69648400.0
2022-03-31,0.45999908447265625,94269500.0
2022-04-01,-0.44000244140625,72545400.0
2022-04-04,-0.30999755859375,56053000.0
2022-04-05,-0.3100013732910156,45847200.0
2022-04-06,-0.029998779296875,56947100.0
2022-04-07,1.6800003051757812,118469400.0
2022-04-08,0.1699981689453125,60772700.0
2022-04-11,-0.2599983215332031,48125400.0
2022-04-12,-0.10000228881835938,68522800.0
2022-04-13,0.720001220703125,101438800.0
2022-04-14,-3.299999237060547,119382100.0
2022-04-18,-0.5500011444091832,76350600.0
2022-04-19,0.9300003051757884,88494100.0
2022-04-20,0.14999961853026988,34694700.0
2022-04-22,-1.239999771118164,74560900.0
2022-04-25,-0.44999885559082387,66413900.0
2022-04-26,-0.050001144409176135,48764100.0
2022-04-27,0.0,41881300.0
2022-04-28,0.20000076293945668,43298500.0
2022-04-29,0.020000457763668322,76243900.0
2022-05-02,-0.3000011444091797,72456200.0
2022-05-03,0.2700004577636719,52531000.0
2022-05-04,1.8199996948242188,109417000.0
2022-05-05,-0.060001373291015625,99439900.0
2022-05-06,1.0500030517578125,129570200.0
2022-05-09,-0.9000015258789062,92314500.0
2022-05-10,0.279998779296875,60330600.0
2022-05-11,1.1300010681152344,108895400.0
2022-05-12,0.26000213623046875,114415900.0
2022-05-13,0.4399986267089844,67000100.0
2022-05-16,0.3400001525878906,92075300.0
2022-05-17,-0.4500007629394531,90914700.0
2022-05-18,-0.5600013732910156,80986200.0
2022-05-19,0.5699996948242188,63983100.0
2022-05-20,0.660003662109375,79589900.0
2022-05-23,1.3699989318847656,93807400.0
2022-05-24,-4.600000381469727,154453100.0
2022-05-25,0.4499988555908203,69991900.0
2022-05-26,0.0800018310546875,78303600.0
2022-05-27,-1.5300006866455078,118295600.0
2022-05-30,-0.6100006103515625,98110100.0
2022-05-31,0.06999969482421875,83598000.0
2022-06-01,-0.03999900817871094,46353200.0
2022-06-02,-0.2600002288818324,50738300.0
2022-06-03,0.5200004577636683,60396900.0
2022-06-06,0.019998550415039062,39213900.0
2022-06-07,0.3600006103515625,80333700.0
2022-06-08,-0.14999961853026988,65923900.0
2022-06-09,-0.44000053405762074,53879000.0
2022-06-10,-0.42000007629394176,63101700.0
2022-06-13,-0.3799991607666051,64507100.0
2022-06-14,0.3299999237060547,68816900.0
2022-06-15,-0.5200004577636754,72785700.0
2022-06-17,-1.7700004577636683,184606500.0
2022-06-20,0.3100013732910156,92581800.0
2022-06-21,-0.5500011444091797,85179500.0
2022-06-22,-0.07999992370605469,57874700.0
2022-06-23,-0.5,69262300.0
2022-06-24,-0.1999988555908203,53413400.0
2022-06-27,1.6899986267089844,90417700.0
2022-06-28,0.350000381469723,51388000.0
2022-06-29,-0.25,52048800.0
2022-06-30,-0.14999961853026988,49910100.0
2022-07-01,0.6000003814697266,64948200.0
2022-07-04,0.6099987030029332,37324200.0
2022-07-05,-1.1099987030029332,78428500.0
2022-07-06,-0.3600006103515625,57617200.0
2022-07-07,0.8099994659423828,52147300.0
2022-07-08,0.31999969482421875,43097800.0
2022-07-11,-0.1399993896484375,39577600.0
2022-07-12,-0.43000030517578125,46462000.0
2022-07-13,0.020000457763671875,35497200.0
2022-07-14,-0.7600002288818359,47151000.0
2022-07-15,0.4699993133544922,38610800.0
2022-07-18,0.6400012969970703,46782300.0
2022-07-19,0.5799999237060547,48562300.0
2022-07-20,-0.010000228881835938,43520800.0
2022-07-21,-0.14999961853027344,58843200.0
2022-07-22,0.30999946594237926,55676200.0
2022-07-25,1.370000839233402,79106600.0
2022-07-26,0.30999946594238637,78360100.0
2022-07-27,0.3400001525878871,56097200.0
2022-07-28,0.9400005340576172,114996500.0
2022-07-29,1.8600006103515625,181480600.0
2022-08-01,-0.470001220703125,81365100.0
2022-08-02,0.15000152587890625,69147100.0
2022-08-03,0.01999664306640625,65544500.0
2022-08-04,0.3600006103515625,54387500.0
2022-08-05,0.6599998474121094,77882600.0
2022-08-08,1.7600021362304688,109484600.0
2022-08-09,0.5999984741210938,79051200.0
2022-08-10,-0.11999893188476562,78369600.0
2022-08-11,-0.8600006103515625,128896500.0
2022-08-12,-4.540000915527344,171288300.0
2022-08-15,0.010000228881832385,96759000.0
2022-08-16,0.2899990081787145,64218800.0
2022-08-17,0.75,72924700.0
2022-08-18,0.6599998474121094,84552500.0
2022-08-19,-1.6899986267089844,125178200.0
2022-08-22,0.6800003051757812,92400300.0
2022-08-23,1.029998779296875,73215800.0
2022-08-24,0.20000076293945312,61067900.0
2022-08-25,-0.3600006103515625,99511600.0
2022-08-26,0.3600006103515625,63545400.0
2022-08-29,0.8400001525878906,73339500.0
2022-08-30,-2.049999237060547,99361100.0
2022-08-31,0.7999992370605469,114235400.0
2022-09-01,0.0,160794264.47095346
2022-09-02,0.0,205682785.0198553
2022-09-03,0.0,258340270.3865798
2022-09-04,0.0,324335565.135161
2022-09-05,0.0,389849486.7177776
2022-09-06,0.0,463883411.286516
2022-09-07,0.0,541700735.6002386
2022-09-08,0.0,620688424.5217028
2022-09-09,0.0,703498086.8992362
2022-09-10,0.0,785977770.5674994
2022-09-11,0.0,868336471.6121458
2022-09-12,0.0,949848804.8668692
2022-09-13,0.0,1028377915.160521
2022-09-14,0.0,1103793940.9078784
2022-09-15,0.0,1174584847.112715
2022-09-16,0.0,1239598513.2706416
2022-09-17,0.0,1298043790.160251
2022-09-18,0.0,1348532388.7055576
2022-09-19,0.0,1390101653.901043
2022-09-20,0.0,1421648464.1798422
2022-09-21,0.0,1441972039.9780304
2022-09-22,0.0,1450039196.5498395
2022-09-23,0.0,1444677512.4988544
2022-09-24,0.0,1424757343.654695
2022-09-25,0.0,1389165966.769724
2022-09-26,0.0,1336735210.7152245
2022-09-27,0.0,1266332956.9560435
2022-09-28,0.0,1176805162.6870449
2022-09-29,0.0,1066987521.6551588
2022-09-30,0.0,935724857.7562584
